%Reference (Lon,Lat): -164.35598680205956,54.54378486124902, Dimensions: 521,868, Extent: -164.95272888220853,-164.06647286421406,54.38869946788435,54.92045307868102
-164.560 54.722 191.365311 33.392765 -0.002251 0.000000174     0   260     0   434
-164.913 54.593 191.239227 33.953163 -0.003284 0.000003818   292   325     0    54
-164.851 54.625 191.278336 33.768013 -0.002177 0.000350881   260   292    54   108
-164.892 54.600 191.267807 33.805752 -0.003464 0.000009691   308   316    54    67
-164.891 54.594 191.269424 33.793995 -0.004036 0.000004046   316   325    54    67
-164.879 54.600 191.279160 33.747673 -0.003584 0.000009653   308   316    67    81
-164.878 54.594 191.280716 33.736019 -0.003853 0.000007332   316   325    67    81
-164.852 54.610 191.294083 33.676666 -0.003009 0.000011182   292   308    81   108
-164.863 54.601 191.290466 33.689812 -0.003273 0.000006531   308   316    81    94
-164.865 54.593 191.292114 33.677727 -0.003169 0.000004841   316   325    81    94
-164.851 54.602 191.301712 33.632359 -0.002945 0.000004459   308   316    94   108
-164.851 54.593 191.303284 33.620419 -0.002671 0.000004419   316   325    94   108
-164.943 54.583 191.225891 34.012470 -0.002135 0.000007346   325   333     0    13
-164.945 54.577 191.227386 34.001400 -0.002211 0.000005939   333   341     0    13
-164.936 54.587 191.233856 33.972805 -0.002124 0.000008889   325   329    13    20
-164.936 54.583 191.234619 33.967312 -0.002376 0.000006133   329   333    13    20
-164.931 54.586 191.239655 33.943310 -0.002786 0.000043565   325   329    20    27
-164.929 54.583 191.240372 33.937840 -0.002860 0.000018476   329   333    20    27
-164.933 54.577 191.238602 33.944302 -0.002704 0.000003910   333   341    13    27
-164.944 54.569 191.228851 33.990120 -0.002279 0.000008328   341   349     0    13
-164.941 54.563 191.230316 33.978848 -0.002223 0.000019991   349   357     0    13
-164.933 54.569 191.240143 33.932674 -0.003131 0.000007021   341   349    13    27
-164.933 54.560 191.241623 33.921474 -0.004173 0.000007977   349   357    13    27
-164.912 54.581 191.255066 33.862385 -0.003015 0.000001095   325   341    27    54
-164.912 54.565 191.257996 33.840061 -0.002831 0.000001586   341   357    27    54
-164.941 54.552 191.231827 33.967567 -0.001973 0.000022284   357   365     0    13
-164.940 54.544 191.233292 33.956318 -0.001846 0.000033662   365   373     0    13
-164.933 54.552 191.243118 33.910156 -0.004250 0.000009183   357   365    13    27
-164.936 54.546 191.241348 33.916206 -0.003309 0.000036008   365   369    13    20
-164.936 54.542 191.242111 33.910286 -0.003319 0.000054164   369   373    13    20
-164.929 54.546 191.247040 33.887524 -0.004488 0.000015941   365   369    20    27
-164.929 54.542 191.247726 33.881588 -0.004540 0.000018703   369   373    20    27
-164.940 54.538 191.234787 33.944233 -0.001974 0.000136502   373   381     0    13
-164.939 54.539 191.241074 33.913837 -0.002225 0.000090684   373   375    13    16
-164.939 54.537 191.241379 33.911175 -0.001885 0.000024043   375   377    13    16
-164.935 54.539 191.243927 33.899231 -0.003905 0.000059665   373   375    16    20
-164.937 54.534 191.243622 33.898071 -0.002016 0.000082304   377   381    13    20
-164.929 54.538 191.248520 33.875435 -0.005135 0.000027142   373   377    20    27
-164.932 54.534 191.247177 33.880466 -0.003609 0.000048564   377   379    20    23
-164.932 54.533 191.247849 33.876072 -0.004028 0.000000221   379   381    20    23
-164.927 54.535 191.250473 33.863693 -0.005081 0.000084664   377   379    23    27
-164.927 54.532 191.250793 33.861015 -0.004520 0.000000223   379   381    23    27
-164.936 54.531 191.244339 33.892170 -0.001403 0.000006044   381   385    13    20
-164.928 54.529 191.250122 33.862648 -0.004904 0.000066971   381   385    20    27
-164.929 54.526 191.250961 33.855793 -0.002733 0.000018056   385   390    20    27
-164.912 54.548 191.260971 33.817421 -0.003992 0.000002729   357   373    27    54
-164.913 54.531 191.264023 33.792622 -0.004490 0.000001849   373   390    27    54
-164.871 54.573 191.290359 33.678085 -0.003349 0.000000552   325   357    54   108
-164.871 54.540 191.296402 33.633289 -0.003336 0.000000547   357   390    54   108
-164.800 54.628 191.323563 33.536209 -0.002999 0.000009491   260   292   108   162
-164.826 54.616 191.316696 33.561268 -0.002319 0.000012748   292   308   108   135
-164.837 54.602 191.313095 33.574001 -0.002616 0.000006034   308   316   108   121
-164.836 54.593 191.314682 33.562035 -0.002375 0.000004806   316   325   108   121
-164.825 54.602 191.324387 33.516380 -0.002186 0.000031422   308   316   121   135
-164.823 54.593 191.325928 33.504349 -0.001591 0.000006805   316   325   121   135
-164.802 54.616 191.339340 33.445808 -0.002735 0.000004903   292   308   135   162
-164.800 54.596 191.342377 33.422070 -0.001822 0.000002305   308   325   135   162
-164.745 54.628 191.369232 33.301712 -0.002095 0.000003267   260   292   162   217
-164.771 54.614 191.361908 33.330601 -0.002558 0.000004067   292   308   162   189
-164.774 54.597 191.364929 33.306705 -0.002163 0.000001460   308   325   162   189
-164.746 54.615 191.384979 33.212540 -0.000800 0.000002066   292   308   189   217
-164.753 54.602 191.381302 33.225918 -0.001503 0.000005194   308   316   189   203
-164.753 54.594 191.382858 33.213772 -0.001336 0.000004933   316   325   189   203
-164.739 54.602 191.392990 33.166348 -0.000377 0.000002415   308   316   203   217
-164.741 54.594 191.394577 33.154579 -0.000338 0.000003554   316   325   203   217
-164.829 54.581 191.322815 33.514626 -0.002317 0.000002124   325   341   108   135
-164.829 54.565 191.325775 33.494083 -0.002727 0.000001778   341   357   108   135
-164.802 54.581 191.345413 33.398449 -0.000918 0.000001889   325   341   135   162
-164.801 54.565 191.348328 33.378811 -0.000946 0.000002190   341   357   135   162
-164.829 54.548 191.328705 33.473770 -0.002855 0.000002005   357   373   108   135
-164.830 54.531 191.331757 33.451019 -0.003393 0.000001989   373   390   108   135
-164.810 54.552 191.344635 33.394367 -0.001811 0.000008121   357   365   135   148
-164.810 54.544 191.346115 33.384407 -0.001734 0.000006801   365   373   135   148
-164.795 54.552 191.356003 33.336498 -0.000448 0.000002776   357   365   148   162
-164.795 54.545 191.357452 33.326893 -0.000861 0.000006543   365   373   148   162
-164.810 54.536 191.347565 33.373486 -0.002553 0.000006292   373   381   135   148
-164.810 54.528 191.349182 33.361332 -0.002979 0.000006299   381   390   135   148
-164.799 54.537 191.355591 33.333958 -0.002091 0.000010409   373   377   148   155
-164.800 54.534 191.356277 33.328690 -0.002413 0.000035184   377   381   148   155
-164.793 54.538 191.361481 33.303993 -0.002279 0.000116203   373   377   155   162
-164.798 54.527 191.360428 33.304714 -0.002156 0.000012962   381   390   148   162
-164.774 54.581 191.367981 33.283169 -0.001493 0.000001517   325   341   162   189
-164.774 54.565 191.370911 33.263992 -0.000731 0.000001161   341   357   162   189
-164.753 54.581 191.391006 33.167213 -0.001024 0.000002607   325   341   189   217
-164.754 54.565 191.393921 33.149029 -0.000863 0.000002182   341   357   189   217
-164.771 54.547 191.387115 33.176544 -0.000300 0.000000969   357   390   162   217
-164.928 54.520 191.244537 33.882584 -0.002111 0.000027753   390   406     0    27
-164.923 54.521 191.257202 33.821114 -0.002867 0.000036415   390   394    27    33
-164.924 54.518 191.257919 33.815197 -0.001785 0.000044484   394   398    27    33
-164.916 54.521 191.262650 33.793255 -0.003573 0.000012979   390   394    33    40
-164.916 54.517 191.263397 33.787315 -0.003438 0.000019791   394   398    33    40
-164.915 54.513 191.261963 33.791039 -0.002468 0.000080856   398   406    27    40
-164.906 54.519 191.271820 33.745342 -0.003748 0.000004484   390   398    40    54
-164.905 54.512 191.273300 33.733028 -0.003897 0.000027464   398   406    40    54
-164.902 54.502 191.270081 33.743149 -0.003476 0.000040780   406   422    27    54
-164.905 54.482 191.263351 33.765167 -0.001625 0.000009104   422   455     0    54
-164.871 54.507 191.302444 33.584595 -0.004179 0.000000878   390   422    54   108
-164.895 54.487 191.285645 33.658607 -0.002206 0.000054975   422   426    54    60
-164.897 54.484 191.286423 33.652355 -0.001672 0.000050994   426   430    54    60
-164.888 54.488 191.291183 33.630657 -0.003747 0.000027852   422   426    60    67
-164.888 54.484 191.291916 33.624344 -0.002606 0.000022641   426   430    60    67
-164.897 54.480 191.287216 33.646191 -0.001730 0.000075330   430   434    54    60
-164.895 54.474 191.288040 33.639767 -0.001330 0.000101289   434   438    54    60
-164.888 54.480 191.292679 33.618553 -0.002794 0.000030846   430   434    60    67
-164.886 54.476 191.293381 33.612614 -0.001662 0.000095372   434   438    60    67
-164.878 54.486 191.300262 33.583668 -0.003291 0.000007998   422   430    67    81
-164.876 54.478 191.301758 33.571327 -0.002605 0.000007362   430   438    67    81
-164.874 54.467 191.298660 33.579990 -0.002424 0.000005552   438   455    54    81
-164.857 54.482 191.318161 33.490589 -0.002268 0.000000939   422   438    81   108
-164.857 54.465 191.321243 33.464798 -0.001927 0.000000734   438   455    81   108
-164.856 54.446 191.295090 33.576763 -0.002392 0.000002901   455   521     0   108
-164.829 54.514 191.334778 33.427364 -0.004010 0.000002811   390   406   108   135
-164.837 54.502 191.331146 33.438450 -0.004121 0.000023176   406   414   108   121
-164.836 54.493 191.332672 33.425320 -0.003073 0.000012864   414   422   108   121
-164.823 54.502 191.342453 33.381771 -0.003416 0.000007605   406   414   121   135
-164.823 54.494 191.343918 33.368702 -0.002685 0.000013544   414   422   121   135
-164.810 54.519 191.350693 33.349617 -0.003289 0.000004785   390   398   135   148
-164.809 54.510 191.352203 33.338272 -0.002694 0.000004738   398   406   135   148
-164.798 54.518 191.362030 33.292889 -0.002708 0.000012161   390   398   148   162
-164.799 54.512 191.360214 33.299194 -0.002587 0.000014219   398   402   148   155
-164.798 54.508 191.360931 33.293568 -0.002719 0.000015737   402   406   148   155
-164.793 54.512 191.365967 33.270271 -0.002655 0.000088874   398   402   155   162
-164.793 54.508 191.366867 33.263958 -0.002798 0.000044868   402   406   155   162
-164.802 54.498 191.360321 33.289360 -0.001364 0.000002567   406   422   135   162
-164.829 54.482 191.340714 33.376476 -0.001704 0.000001007   422   438   108   135
-164.830 54.465 191.343765 33.349895 -0.002141 0.000002813   438   455   108   135
-164.802 54.482 191.363266 33.262306 -0.000698 0.000000925   422   438   135   162
-164.801 54.465 191.366333 33.234787 -0.002494 0.000003609   438   455   135   162
-164.777 54.497 191.393082 33.131371 0.000352 0.000002844   390   422   162   217
-164.774 54.482 191.385849 33.148369 0.000072 0.000001739   422   438   162   189
-164.774 54.464 191.388947 33.119957 -0.000989 0.000002321   438   455   162   189
-164.757 54.483 191.408844 33.033710 -0.000199 0.000007539   422   438   189   217
-164.755 54.468 191.405197 33.041565 -0.000532 0.000011684   438   446   189   203
-164.753 54.460 191.406708 33.026947 0.000200 0.000005933   446   455   189   203
-164.743 54.465 191.416977 32.982521 0.001260 0.000038085   438   446   203   217
-164.739 54.460 191.418610 32.967018 0.001579 0.000002532   446   455   203   217
-164.814 54.439 191.359711 33.252411 -0.001940 0.000000666   455   488   108   162
-164.806 54.415 191.365829 33.200497 -0.001890 0.000002384   488   521   108   162
-164.782 54.452 191.385406 33.128708 -0.001826 0.000009788   455   463   162   175
-164.782 54.444 191.386902 33.115273 -0.002253 0.000009305   463   471   162   175
-164.768 54.452 191.396729 33.070938 -0.001609 0.000005564   455   463   175   189
-164.768 54.444 191.398193 33.057411 -0.001129 0.000014458   463   471   175   189
-164.782 54.436 191.388336 33.102337 -0.002514 0.000010029   471   479   162   175
-164.781 54.427 191.389908 33.088737 -0.001853 0.000008076   479   488   162   175
-164.768 54.436 191.399704 33.043682 -0.000669 0.000007493   471   479   175   189
-164.768 54.427 191.401306 33.029598 -0.000784 0.000004587   479   488   175   189
-164.746 54.448 191.414963 32.974567 0.000527 0.000001611   455   471   189   217
-164.746 54.431 191.418030 32.945637 -0.000414 0.000002075   471   488   189   217
-164.775 54.414 191.398117 33.037743 -0.001093 0.000001467   488   504   162   189
-164.773 54.404 191.401184 33.011311 -0.000907 0.000004818   504   521   162   189
-164.746 54.414 191.421112 32.917904 -0.000305 0.000001730   488   504   189   217
-164.746 54.401 191.424179 32.890808 -0.000591 0.000001458   504   521   189   217
-164.715 54.646 191.402130 33.134495 -0.001785 0.000002620   260   276   217   244
-164.718 54.631 191.405060 33.114620 -0.001111 0.000001981   276   292   217   244
-164.691 54.647 191.424774 33.017422 -0.001600 0.000001448   260   276   244   271
-164.698 54.635 191.421127 33.033024 -0.000947 0.000006549   276   284   244   257
-164.697 54.627 191.422546 33.023502 -0.000265 0.000005056   284   292   244   257
-164.684 54.635 191.432343 32.975163 -0.001130 0.000007774   276   284   257   271
-164.684 54.627 191.433838 32.965481 0.001026 0.000004151   284   292   257   271
-164.710 54.615 191.420837 33.025864 0.000274 0.000000665   292   325   217   271
-164.662 54.645 191.447403 32.900417 -0.000735 0.000005022   260   276   271   298
-164.670 54.634 191.443695 32.916710 -0.000638 0.000009185   276   284   271   284
-164.670 54.627 191.445206 32.907196 0.001291 0.000007425   284   292   271   284
-164.656 54.635 191.455032 32.858204 -0.000179 0.000006762   276   284   284   298
-164.656 54.627 191.456512 32.848793 0.001096 0.000006940   284   292   284   298
-164.634 54.645 191.470047 32.782749 0.000123 0.000003615   260   276   298   325
-164.642 54.635 191.466339 32.799191 0.000413 0.000006391   276   284   298   311
-164.642 54.627 191.467789 32.789703 0.001261 0.000008577   284   292   298   311
-164.629 54.635 191.477753 32.739395 0.001243 0.000004208   276   284   311   325
-164.629 54.627 191.479141 32.729965 0.001954 0.000006079   284   292   311   325
-164.670 54.619 191.446640 32.897835 0.001920 0.000001422   292   300   271   284
-164.669 54.612 191.448013 32.888691 0.001953 0.000005671   300   308   271   284
-164.656 54.619 191.457977 32.839550 0.002559 0.000003697   292   300   284   298
-164.656 54.611 191.459442 32.830128 0.002896 0.000002983   300   308   284   298
-164.653 54.604 191.456238 32.843418 0.003188 0.000010891   308   325   271   298
-164.643 54.619 191.469208 32.780422 0.002668 0.000007378   292   300   298   311
-164.642 54.611 191.470673 32.770779 0.003536 0.000003148   300   308   298   311
-164.630 54.619 191.480621 32.720100 0.003049 0.000007964   292   300   311   325
-164.629 54.611 191.482071 32.710293 0.003240 0.000004272   300   308   311   325
-164.646 54.604 191.468826 32.779148 0.003683 0.000010571   308   312   298   304
-164.644 54.600 191.469604 32.774250 0.004073 0.000027875   312   316   298   304
-164.639 54.604 191.474289 32.749996 0.003983 0.000008110   308   312   304   311
-164.640 54.600 191.475021 32.745247 0.004500 0.000013102   312   316   304   311
-164.640 54.594 191.473709 32.750793 0.005272 0.000024912   316   325   298   311
-164.629 54.602 191.483490 32.700535 0.004095 0.000003115   308   316   311   325
-164.628 54.594 191.485031 32.689842 0.005359 0.000006710   316   325   311   325
-164.623 54.587 191.452362 32.853539 0.006701 0.000027449   325   390   217   325
-164.618 54.643 191.492691 32.664902 -0.000697 0.000037447   260   276   325   352
-164.618 54.635 191.488998 32.680489 0.001504 0.000019656   276   284   325   338
-164.616 54.627 191.490463 32.670395 0.002100 0.000011048   284   292   325   338
-164.600 54.632 191.500320 32.621124 -0.000672 0.000057575   276   284   338   352
-164.602 54.626 191.501801 32.610817 0.000462 0.000011697   284   292   338   352
-164.576 54.652 191.515350 32.546967 0.001006 0.000077136   260   276   352   379
-164.582 54.634 191.511719 32.561340 0.001375 0.000053712   276   284   352   365
-164.586 54.626 191.513184 32.550789 0.002001 0.000011676   284   292   352   365
-164.572 54.634 191.522980 32.502419 0.000557 0.000011873   276   284   365   379
-164.573 54.627 191.524429 32.491661 0.002045 0.000005161   284   292   365   379
-164.614 54.619 191.491943 32.660244 0.003084 0.000009050   292   300   325   338
-164.615 54.611 191.493423 32.649906 0.003984 0.000003228   300   308   325   338
-164.601 54.619 191.503250 32.600475 0.002536 0.000009044   292   300   338   352
-164.601 54.611 191.504669 32.590271 0.004434 0.000005729   300   308   338   352
-164.614 54.602 191.494888 32.639614 0.004072 0.000002269   308   316   325   338
-164.615 54.594 191.496429 32.628700 0.004406 0.000005525   316   325   325   338
-164.601 54.602 191.506134 32.579586 0.004792 0.000004910   308   316   338   352
-164.601 54.594 191.507675 32.568176 0.004796 0.000006529   316   325   338   352
-164.580 54.615 191.521210 32.503979 0.003296 0.000001429   292   308   352   379
-164.587 54.602 191.517517 32.518776 0.004423 0.000005593   308   316   352   365
-164.591 54.596 191.515671 32.526356 0.005012 0.000023260   316   320   352   358
-164.591 54.591 191.516525 32.519917 0.005198 0.000013140   320   325   352   358
-164.584 54.596 191.521133 32.496887 0.005689 0.000027159   316   320   358   365
-164.584 54.592 191.521912 32.491039 0.005291 0.000031804   320   325   358   365
-164.573 54.602 191.528854 32.458191 0.004449 0.000003091   308   316   365   379
-164.573 54.594 191.530426 32.445999 0.005218 0.000003920   316   325   365   379
-164.559 54.650 191.531479 32.464943 -0.001543 0.000045899   260   268   379   392
-164.558 54.643 191.532898 32.453865 -0.000806 0.000010465   268   276   379   392
-164.545 54.652 191.542725 32.406406 -0.001817 0.000004958   260   268   392   406
-164.546 54.643 191.544189 32.395020 -0.000995 0.000004737   268   276   392   406
-164.560 54.634 191.534363 32.442715 0.000502 0.000010412   276   284   379   392
-164.559 54.627 191.535797 32.431870 0.002069 0.000006198   284   292   379   392
-164.545 54.635 191.545685 32.383495 -0.001322 0.000012587   276   284   392   406
-164.546 54.627 191.547150 32.372089 -0.000569 0.000009747   284   292   392   406
-164.524 54.647 191.561142 32.308548 -0.001812 0.000001384   260   276   406   434
-164.523 54.631 191.564072 32.285091 -0.001224 0.000002121   276   292   406   434
-164.552 54.615 191.543915 32.383839 0.002286 0.000002539   292   308   379   406
-164.559 54.602 191.540146 32.397903 0.004611 0.000004677   308   316   379   392
-164.559 54.594 191.541763 32.385307 0.004803 0.000009823   316   325   379   392
-164.546 54.602 191.551590 32.336823 0.003206 0.000006932   308   316   392   406
-164.549 54.596 191.549698 32.343971 0.004475 0.000018654   316   320   392   399
-164.550 54.592 191.550522 32.337151 0.004996 0.000013803   320   325   392   399
-164.543 54.596 191.555618 32.312191 0.003327 0.000020759   316   320   399   406
-164.544 54.593 191.556412 32.305496 0.004687 0.000038644   320   325   399   406
-164.524 54.615 191.566971 32.261524 -0.000059 0.000001263   292   308   406   434
-164.536 54.604 191.559937 32.293514 0.001264 0.000012043   308   312   406   413
-164.535 54.600 191.560654 32.287273 0.002156 0.000019206   312   316   406   413
-164.529 54.604 191.565842 32.261906 0.000437 0.000043125   308   312   413   420
-164.529 54.600 191.566620 32.255585 0.001661 0.000017758   312   316   413   420
-164.536 54.596 191.561447 32.280941 0.003597 0.000035099   316   320   406   413
-164.535 54.592 191.562363 32.273518 0.005055 0.000261174   320   325   406   413
-164.527 54.597 191.567276 32.249790 0.001749 0.000046437   316   320   413   420
-164.526 54.590 191.568085 32.242966 0.004570 0.000076761   320   325   413   420
-164.515 54.603 191.575089 32.211739 0.000245 0.000011504   308   316   420   434
-164.518 54.593 191.576630 32.198528 0.002493 0.000219984   316   325   420   434
-164.611 54.588 191.504562 32.581142 0.005764 0.000026101   325   341   325   352
-164.591 54.587 191.517319 32.514065 0.004537 0.000078201   325   329   352   358
-164.590 54.583 191.518021 32.508724 0.003757 0.000029884   329   333   352   358
-164.584 54.587 191.522797 32.484322 0.004457 0.000027869   325   329   358   365
-164.584 54.583 191.523544 32.478901 0.005399 0.000016900   329   333   358   365
-164.591 54.579 191.518723 32.503559 0.005130 0.000036362   333   337   352   358
-164.590 54.576 191.519470 32.498760 0.005951 0.000000095   337   341   352   358
-164.585 54.579 191.524246 32.473652 0.005827 0.000022184   333   337   358   365
-164.585 54.575 191.524933 32.469193 0.006228 0.000021634   337   341   358   365
-164.573 54.585 191.532013 32.433949 0.005221 0.000003416   325   333   365   379
-164.577 54.579 191.530228 32.441246 0.005511 0.000019231   333   337   365   372
-164.579 54.576 191.530869 32.436691 0.005505 0.000069771   337   341   365   372
-164.569 54.579 191.536026 32.409626 0.006112 0.000012275   333   337   372   379
-164.568 54.575 191.536835 32.404388 0.006190 0.000026805   337   341   372   379
-164.568 54.571 191.537567 32.399399 0.006768 0.000014234   341   345   372   379
-164.569 54.567 191.538223 32.394543 0.007248 0.000009649   345   349   372   379
-164.569 54.564 191.536301 32.403694 0.007746 0.000034291   349   357   365   379
-164.553 54.580 191.549911 32.335526 0.006665 0.000002572   325   341   379   406
-164.560 54.569 191.546204 32.351650 0.006270 0.000003230   341   349   379   392
-164.561 54.563 191.547684 32.341251 0.006725 0.000026945   349   357   379   392
-164.546 54.569 191.557541 32.289570 0.005653 0.000004494   341   349   392   406
-164.549 54.564 191.555649 32.297951 0.006541 0.000014885   349   353   392   399
-164.546 54.559 191.556351 32.293072 0.006345 0.000070761   353   357   392   399
-164.542 54.563 191.561646 32.265160 0.005785 0.000011406   349   353   399   406
-164.542 54.558 191.562286 32.260189 0.005569 0.000025702   353   357   399   406
-164.534 54.587 191.563156 32.266827 0.005637 0.000049704   325   329   406   413
-164.535 54.583 191.563858 32.260815 0.006149 0.000032551   329   333   406   413
-164.529 54.587 191.568878 32.235958 0.005666 0.000026991   325   329   413   420
-164.527 54.583 191.569717 32.229515 0.006425 0.000013197   329   333   413   420
-164.532 54.577 191.567886 32.236244 0.006186 0.000005286   333   341   406   420
-164.521 54.586 191.574844 32.204502 0.004796 0.000020808   325   329   420   427
-164.520 54.583 191.575546 32.198231 0.005560 0.000017348   329   333   420   427
-164.514 54.586 191.580780 32.172646 0.004048 0.000127774   325   329   427   434
-164.514 54.583 191.581497 32.166561 0.004531 0.000015971   329   333   427   434
-164.517 54.577 191.579620 32.173481 0.005531 0.000004803   333   341   420   434
-164.524 54.565 191.575928 32.188343 0.005226 0.000001498   341   357   406   434
-164.541 54.548 191.555740 32.293400 0.006618 0.000018220   357   373   379   406
-164.543 54.538 191.558716 32.273441 0.007240 0.000080941   373   390   379   406
-164.524 54.548 191.578857 32.166328 0.005364 0.000001907   357   373   406   434
-164.535 54.538 191.571899 32.201336 0.006625 0.000009006   373   377   406   413
-164.534 54.535 191.572540 32.197079 0.006768 0.000016911   377   381   406   413
-164.527 54.538 191.577682 32.169479 0.005914 0.000010147   373   377   413   420
-164.527 54.534 191.578506 32.164402 0.006071 0.000011800   377   381   413   420
-164.526 54.531 191.576645 32.173416 0.006072 0.000009107   381   390   406   420
-164.517 54.536 191.586914 32.119316 0.005108 0.000003768   373   381   420   434
-164.516 54.530 191.588470 32.109104 0.005136 0.000012592   381   390   420   434
-164.721 54.459 191.464279 32.761425 0.001751 0.000002585   390   455   217   325
-164.718 54.448 191.437973 32.857037 0.000794 0.000001905   455   471   217   244
-164.719 54.432 191.441040 32.826550 0.000600 0.000002059   471   488   217   244
-164.692 54.446 191.460571 32.741558 0.001787 0.000001140   455   471   244   271
-164.690 54.431 191.463638 32.709618 0.001027 0.000000992   471   488   244   271
-164.703 54.412 191.457001 32.724720 0.000135 0.000001026   488   521   217   271
-164.650 54.435 191.496033 32.548679 0.002041 0.000000531   455   488   271   325
-164.662 54.414 191.489258 32.562817 0.000794 0.000001396   488   504   271   298
-164.661 54.399 191.492325 32.533684 0.000065 0.000001868   504   521   271   298
-164.636 54.414 191.511902 32.442692 0.000963 0.000001728   488   504   298   325
-164.638 54.400 191.514984 32.413666 -0.000351 0.000001991   504   521   298   325
-164.520 54.491 191.574936 32.176491 0.005145 0.000027171   390   422   379   434
-164.543 54.478 191.567596 32.198044 0.006698 0.000011662   422   438   379   406
-164.541 54.465 191.570633 32.167278 0.004851 0.000031911   438   455   379   406
-164.525 54.489 191.584061 32.110992 0.006740 0.000068197   422   430   406   420
-164.536 54.479 191.582321 32.115101 0.005836 0.000019104   430   434   406   413
-164.535 54.476 191.583008 32.107830 0.005641 0.000010712   434   438   406   413
-164.527 54.480 191.588058 32.083790 0.006086 0.000034923   430   434   413   420
-164.529 54.476 191.588837 32.076138 0.005026 0.000009303   434   438   413   420
-164.515 54.487 191.595871 32.046619 0.004573 0.000009878   422   430   420   434
-164.517 54.477 191.597275 32.032024 0.004284 0.000007012   430   438   420   434
-164.523 54.465 191.593750 32.041256 0.003840 0.000001897   438   455   406   434
-164.594 54.435 191.541321 32.305439 0.002792 0.000000834   455   488   325   379
-164.615 54.418 191.527924 32.360271 0.001503 0.000009693   488   496   325   338
-164.614 54.410 191.529373 32.346317 -0.000257 0.000008807   496   504   325   338
-164.601 54.418 191.539307 32.299465 0.001885 0.000008569   488   496   338   352
-164.600 54.411 191.540771 32.285473 0.000902 0.000015243   496   504   338   352
-164.615 54.402 191.537582 32.293335 -0.000091 0.000009282   504   521   325   352
-164.580 54.413 191.557144 32.201057 0.001052 0.000002264   488   504   352   379
-164.588 54.405 191.560196 32.172993 0.000005 0.000081058   504   521   352   379
-164.552 54.446 191.573715 32.137554 0.003550 0.000002128   455   471   379   406
-164.559 54.437 191.570084 32.147419 0.002510 0.000018484   471   479   379   392
-164.559 54.427 191.571686 32.132561 0.000467 0.000047424   479   488   379   392
-164.543 54.436 191.581345 32.086929 0.002418 0.000021701   471   479   392   406
-164.547 54.428 191.582870 32.072502 0.002459 0.000065823   479   488   392   406
-164.532 54.453 191.590210 32.051140 0.003452 0.000013320   455   463   406   420
-164.532 54.445 191.591721 32.037121 0.002466 0.000033606   463   471   406   420
-164.517 54.452 191.601913 31.987986 0.003778 0.000006519   455   463   420   434
-164.516 54.444 191.603363 31.974413 0.003120 0.000010024   463   471   420   434
-164.518 54.431 191.599823 31.984432 0.000915 0.000011352   471   488   406   434
-164.544 54.416 191.593109 32.003174 0.000855 0.000005258   488   521   379   434
-164.429 54.835 191.626984 32.076973 -0.003031 0.000000330     0   130   434   651
-164.479 54.773 191.573227 32.312485 -0.002986 0.000000894   130   162   434   488
-164.496 54.746 191.566284 32.337223 -0.002926 0.000002885   162   178   434   461
-164.495 54.731 191.569290 32.312683 -0.003219 0.000001670   178   195   434   461
-164.468 54.747 191.588974 32.219334 -0.002582 0.000002780   162   178   461   488
-164.475 54.735 191.585205 32.232952 -0.002144 0.000004709   178   186   461   474
-164.475 54.726 191.586838 32.220356 -0.002348 0.000002530   186   195   461   474
-164.462 54.735 191.596649 32.173954 -0.001091 0.000003826   178   186   474   488
-164.463 54.727 191.598160 32.162064 -0.001465 0.000006695   186   195   474   488
-164.443 54.779 191.605865 32.145767 -0.003324 0.000003303   130   146   488   515
-164.446 54.763 191.608780 32.123341 -0.003962 0.000002830   146   162   488   515
-164.414 54.780 191.628586 32.027176 -0.003321 0.000004469   130   146   515   542
-164.417 54.761 191.631470 32.004883 -0.003302 0.000008299   146   162   515   542
-164.444 54.747 191.611649 32.101498 -0.003085 0.000003094   162   178   488   515
-164.446 54.732 191.614670 32.079018 -0.001250 0.000004388   178   195   488   515
-164.416 54.749 191.634369 31.983541 -0.003109 0.000004412   162   178   515   542
-164.416 54.733 191.637375 31.962091 -0.003535 0.000024196   178   195   515   542
-164.492 54.715 191.572296 32.287590 -0.003088 0.000002217   195   211   434   461
-164.497 54.697 191.575226 32.262730 -0.002437 0.000001550   211   227   434   461
-164.476 54.718 191.588379 32.207260 -0.002030 0.000003174   195   203   461   474
-164.476 54.710 191.589905 32.194157 -0.002802 0.000001473   203   211   461   474
-164.467 54.720 191.599716 32.149078 -0.001752 0.000017928   195   203   474   488
-164.463 54.709 191.601151 32.135925 -0.002693 0.000005803   203   211   474   488
-164.475 54.702 191.591400 32.181202 -0.002519 0.000002961   211   219   461   474
-164.476 54.693 191.592804 32.168571 -0.002152 0.000003744   219   227   461   474
-164.462 54.702 191.602631 32.122795 -0.002726 0.000002953   211   219   474   488
-164.463 54.694 191.604141 32.109463 -0.002455 0.000006587   219   227   474   488
-164.502 54.672 191.591125 32.165405 -0.001927 0.000000593   227   260   434   488
-164.422 54.700 191.630508 31.980967 -0.002541 0.000002377   195   227   488   542
-164.442 54.685 191.623627 31.999893 -0.001658 0.000012711   227   243   488   515
-164.431 54.660 191.626602 31.974989 -0.003518 0.000018209   243   260   488   515
-164.423 54.686 191.646271 31.881180 -0.002324 0.000056492   227   243   515   542
-164.415 54.667 191.642593 31.893803 -0.005226 0.000091493   243   251   515   528
-164.420 54.660 191.644150 31.880777 -0.003999 0.000007355   251   260   515   528
-164.410 54.667 191.651352 31.846689 -0.004226 0.000033338   247   251   528   535
-164.403 54.667 191.657227 31.815916 -0.005012 0.000024171   247   251   535   542
-164.407 54.660 191.655457 31.821600 -0.005492 0.000005425   251   260   528   542
-164.353 54.760 191.690277 31.692423 -0.003399 0.000000853   130   195   542   651
-164.392 54.717 191.656479 31.855412 -0.004193 0.000012466   195   203   542   555
-164.393 54.710 191.657928 31.841221 -0.002992 0.000005664   203   211   542   555
-164.380 54.715 191.667892 31.794779 -0.004127 0.000026349   195   203   555   569
-164.379 54.710 191.669357 31.780630 -0.003555 0.000003609   203   211   555   569
-164.393 54.703 191.659409 31.827049 -0.003063 0.000007911   211   219   542   555
-164.382 54.704 191.667450 31.786190 -0.003789 0.000005895   211   215   555   562
-164.383 54.701 191.668243 31.778698 -0.004069 0.000013590   215   219   555   562
-164.375 54.704 191.673386 31.754580 -0.004011 0.000010571   211   215   562   569
-164.376 54.700 191.674103 31.747740 -0.004597 0.000012321   215   219   562   569
-164.379 54.697 191.668945 31.771809 -0.004979 0.000091466   219   223   555   562
-164.375 54.695 191.674911 31.740320 -0.005112 0.000017657   219   223   562   569
-164.375 54.691 191.675629 31.733545 -0.005965 0.000015267   223   227   562   569
-164.370 54.717 191.679184 31.734840 -0.003160 0.000314138   195   203   569   582
-164.366 54.708 191.680649 31.720961 -0.003626 0.000010210   203   211   569   582
-164.348 54.717 191.690598 31.674194 -0.003182 0.000074593   195   203   582   596
-164.355 54.711 191.688721 31.679640 -0.003628 0.000221966   203   207   582   589
-164.355 54.707 191.689423 31.672930 -0.003822 0.000069367   207   211   582   589
-164.348 54.712 191.694687 31.648151 -0.003696 0.000064499   203   207   589   596
-164.369 54.704 191.678940 31.725388 -0.004093 0.000010190   211   215   569   575
-164.369 54.700 191.679611 31.718836 -0.004580 0.000019021   215   219   569   575
-164.363 54.704 191.684250 31.697229 -0.004467 0.000017025   211   215   575   582
-164.363 54.699 191.685028 31.690380 -0.005303 0.000035752   215   219   575   582
-164.365 54.693 191.683670 31.692656 -0.006178 0.000006258   219   227   569   582
-164.357 54.705 191.693497 31.646910 -0.004622 0.000029668   211   219   582   596
-164.352 54.693 191.694962 31.633162 -0.007282 0.000005527   219   227   582   596
-164.386 54.675 191.663879 31.786369 -0.008916 0.000000037   235   243   542   555
-164.380 54.681 191.671158 31.751478 -0.008041 0.000027023   231   235   555   562
-164.375 54.687 191.676346 31.726780 -0.007102 0.000022244   227   231   562   569
-164.375 54.683 191.677002 31.720440 -0.008539 0.000026711   231   235   562   569
-164.384 54.677 191.670227 31.753477 -0.008138 0.000086581   237   239   555   558
-164.381 54.680 191.673004 31.739861 -0.008234 0.000080027   235   237   558   562
-164.381 54.678 191.673309 31.737263 -0.008857 0.000068636   237   239   558   562
-164.382 54.676 191.672501 31.739651 -0.009131 0.000040475   239   243   555   562
-164.376 54.679 191.677841 31.713968 -0.009893 0.000025811   235   239   562   569
-164.377 54.676 191.676712 31.717918 -0.010653 0.000143678   239   241   562   565
-164.373 54.676 191.679535 31.703043 -0.012196 0.000069671   239   241   565   569
-164.397 54.667 191.662735 31.786606 -0.007116 0.000028923   247   251   542   548
-164.388 54.671 191.668686 31.758204 -0.008923 0.000133455   243   245   551   555
-164.387 54.670 191.669037 31.755104 -0.009180 0.000030913   245   247   551   555
-164.391 54.667 191.668335 31.757187 -0.008760 0.000020685   247   251   548   555
-164.393 54.660 191.666855 31.761227 -0.008430 0.000009834   251   260   542   555
-164.383 54.671 191.673325 31.733057 -0.010298 0.000081706   243   247   555   562
-164.383 54.667 191.673981 31.727087 -0.010505 0.000036762   247   251   555   562
-164.378 54.666 191.679962 31.695524 -0.012516 0.000175762   247   251   562   569
-164.379 54.660 191.678192 31.701157 -0.012120 0.000011267   251   260   555   569
-164.366 54.685 191.685150 31.678951 -0.008302 0.000007595   227   235   569   582
-164.369 54.679 191.683182 31.685684 -0.010683 0.000027811   235   239   569   575
-164.369 54.675 191.684036 31.678747 -0.012168 0.000041241   239   243   569   575
-164.362 54.679 191.688797 31.656221 -0.010219 0.000015887   235   239   575   582
-164.362 54.675 191.689453 31.650299 -0.011149 0.000015067   239   243   575   582
-164.352 54.685 191.696426 31.619741 -0.009024 0.000004832   227   235   582   596
-164.352 54.677 191.697906 31.606928 -0.010241 0.000002870   235   243   582   596
-164.363 54.669 191.688065 31.654015 -0.012007 0.000037594   243   251   569   582
-164.365 54.660 191.689575 31.640839 -0.011966 0.000008518   251   260   569   582
-164.355 54.672 191.696152 31.612352 -0.010787 0.000007861   243   247   582   589
-164.355 54.667 191.696884 31.606121 -0.010048 0.000015159   247   251   582   589
-164.348 54.671 191.701920 31.582016 -0.010484 0.000005868   243   247   589   596
-164.348 54.667 191.702652 31.575525 -0.010025 0.000007389   247   251   589   596
-164.352 54.660 191.700958 31.580576 -0.010512 0.000003293   251   260   582   596
-164.333 54.718 191.708588 31.575914 -0.003695 0.000020652   195   211   596   623
-164.337 54.698 191.704971 31.586393 -0.006832 0.000016788   211   219   596   609
-164.338 54.693 191.706390 31.573063 -0.007992 0.000005242   219   227   596   609
-164.323 54.699 191.716202 31.526947 -0.007608 0.000026161   211   219   609   623
-164.324 54.693 191.717697 31.513401 -0.008596 0.000006330   219   227   609   623
-164.316 54.721 191.731720 31.453091 -0.003011 0.000000043   195   211   623   651
-164.309 54.699 191.728104 31.464142 -0.008338 0.000047123   211   219   623   637
-164.316 54.697 191.724487 31.479635 -0.008632 0.000269639   219   221   623   626
-164.316 54.694 191.724854 31.476274 -0.009069 0.000056738   221   223   623   626
-164.310 54.693 191.727570 31.462080 -0.009734 0.000029406   221   223   626   630
-164.314 54.691 191.726929 31.463301 -0.009709 0.000010134   223   227   623   630
-164.308 54.694 191.732101 31.438696 -0.009738 0.000038533   219   223   630   637
-164.308 54.691 191.732819 31.432430 -0.009637 0.000089010   223   227   630   637
-164.295 54.700 191.739777 31.402370 -0.007635 0.000040935   211   219   637   651
-164.299 54.697 191.738007 31.407900 -0.008436 0.000131442   219   223   637   644
-164.301 54.691 191.738754 31.400986 -0.009225 0.000044665   223   227   637   644
-164.294 54.697 191.743851 31.376986 -0.008169 0.000097428   219   223   644   651
-164.291 54.692 191.744522 31.370697 -0.007269 0.000161787   223   227   644   651
-164.330 54.681 191.714447 31.522192 -0.010215 0.000001127   227   243   596   623
-164.338 54.669 191.710709 31.534086 -0.010269 0.000001301   243   251   596   609
-164.338 54.660 191.712280 31.520548 -0.010228 0.000001925   251   260   596   609
-164.324 54.669 191.722137 31.473799 -0.010131 0.000001288   243   251   609   623
-164.324 54.660 191.723709 31.460009 -0.010860 0.000003731   251   260   609   623
-164.313 54.687 191.727661 31.456800 -0.009972 0.000006776   227   231   623   630
-164.316 54.683 191.726517 31.460653 -0.010229 0.000050263   231   233   623   626
-164.315 54.682 191.726883 31.457365 -0.009914 0.000141962   233   235   623   626
-164.312 54.684 191.729340 31.445818 -0.010109 0.000026331   231   233   626   630
-164.312 54.682 191.729706 31.442516 -0.009821 0.000037593   233   235   626   630
-164.309 54.688 191.732010 31.434372 -0.010000 0.000018421   227   229   630   633
-164.308 54.686 191.732300 31.431597 -0.010055 0.000039714   229   231   630   633
-164.305 54.688 191.734589 31.420881 -0.009994 0.000037254   227   229   633   637
-164.305 54.686 191.734879 31.418112 -0.010333 0.000046541   229   231   633   637
-164.306 54.683 191.734344 31.418915 -0.010173 0.000018576   231   235   630   637
-164.310 54.677 191.732422 31.424900 -0.009938 0.000003909   235   243   623   637
-164.299 54.687 191.739502 31.394453 -0.010371 0.000047274   227   231   637   644
-164.300 54.683 191.740250 31.387777 -0.010253 0.000019898   231   235   637   644
-164.291 54.685 191.745255 31.364246 -0.009385 0.000048682   227   231   644   651
-164.291 54.683 191.746017 31.357515 -0.010055 0.000094817   231   235   644   651
-164.302 54.680 191.739120 31.391603 -0.010822 0.000027971   235   237   637   640
-164.301 54.678 191.739487 31.388275 -0.010723 0.000017279   237   239   637   640
-164.296 54.680 191.742035 31.376301 -0.009182 0.000093276   235   237   640   644
-164.297 54.678 191.742386 31.372963 -0.010439 0.000049998   237   239   640   644
-164.296 54.675 191.741653 31.374800 -0.010007 0.000131756   239   243   637   644
-164.293 54.679 191.746780 31.350508 -0.010464 0.000043536   235   239   644   651
-164.291 54.675 191.747574 31.343582 -0.010570 0.000020857   239   243   644   651
-164.314 54.671 191.730453 31.431076 -0.010227 0.000005100   243   247   623   630
-164.314 54.667 191.731247 31.424442 -0.010433 0.000010585   247   251   623   630
-164.306 54.671 191.736481 31.399355 -0.010249 0.000008683   243   247   630   637
-164.308 54.668 191.735352 31.403448 -0.010367 0.000012057   247   249   630   633
-164.308 54.666 191.735703 31.400137 -0.010735 0.000023794   249   251   630   633
-164.303 54.668 191.738159 31.388542 -0.010296 0.000014131   247   249   633   637
-164.305 54.666 191.738525 31.385221 -0.010485 0.000016904   249   251   633   637
-164.314 54.664 191.732010 31.417658 -0.011044 0.000028700   251   255   623   630
-164.315 54.660 191.730728 31.422447 -0.012234 0.000023787   255   257   623   626
-164.314 54.657 191.731339 31.417515 -0.012292 0.000051327   257   260   623   626
-164.312 54.660 191.733887 31.405693 -0.011956 0.000025357   255   257   626   630
-164.312 54.657 191.734329 31.401659 -0.011742 0.000016907   257   260   626   630
-164.309 54.664 191.736069 31.396826 -0.010933 0.000044150   251   253   630   633
-164.309 54.662 191.736404 31.393515 -0.012002 0.000225485   253   255   630   633
-164.304 54.664 191.739014 31.381224 -0.010877 0.000015984   251   253   633   637
-164.304 54.662 191.739426 31.377779 -0.010993 0.000021715   253   255   633   637
-164.306 54.658 191.738708 31.379011 -0.007503 0.000100262   255   260   630   637
-164.296 54.669 191.745743 31.349146 -0.010606 0.000006779   243   251   637   651
-164.294 54.660 191.747253 31.335167 -0.008733 0.000018733   251   260   637   651
-164.265 54.797 191.750046 31.400440 -0.004353 0.000227481    97   130   651   705
-164.218 54.829 191.779770 31.259848 -0.003419 0.000020529    81    97   705   732
-164.179 54.849 191.799667 31.165287 -0.004000 0.000045563    65    81   732   759
-164.196 54.833 191.795868 31.178114 -0.003864 0.000017635    81    89   732   745
-164.196 54.827 191.797394 31.165260 -0.003918 0.000020902    89    97   732   745
-164.184 54.834 191.807327 31.118130 -0.004020 0.000006802    81    89   745   759
-164.185 54.826 191.808762 31.105764 -0.003318 0.000002261    89    97   745   759
-164.219 54.808 191.782684 31.234728 -0.003544 0.000070441    97   113   705   732
-164.226 54.801 191.778992 31.246572 -0.003088 0.000014527   113   121   705   718
-164.225 54.795 191.780533 31.233469 -0.002792 0.000006410   121   130   705   718
-164.211 54.802 191.790314 31.187286 -0.003692 0.000013114   113   121   718   732
-164.212 54.793 191.791855 31.173990 -0.003733 0.000008790   121   130   718   732
-164.187 54.814 191.805466 31.115461 -0.004447 0.000006244    97   113   732   759
-164.193 54.797 191.808487 31.089354 -0.004465 0.000001648   113   130   732   759
-164.134 54.861 191.849747 30.924448 -0.003319 0.000027345     0    65   759   868
-164.165 54.844 191.822433 31.046097 -0.003716 0.000013228    65    81   759   786
-164.164 54.829 191.825333 31.021484 -0.003286 0.000000830    81    97   759   786
-164.144 54.851 191.838547 30.963768 -0.003299 0.000008481    65    73   786   799
-164.146 54.841 191.840057 30.951311 -0.003695 0.000008673    73    81   786   799
-164.129 54.841 191.851440 30.891300 -0.003811 0.000009495    73    81   799   813
-164.137 54.830 191.848129 30.902222 -0.003235 0.000000591    81    97   786   813
-164.162 54.814 191.828232 30.996237 -0.003929 0.000002575    97   113   759   786
-164.161 54.799 191.831253 30.969976 -0.004044 0.000004373   113   130   759   786
-164.145 54.818 191.844421 30.914488 -0.003610 0.000003089    97   105   786   799
-164.144 54.810 191.845840 30.902250 -0.003342 0.000002279   105   113   786   799
-164.131 54.819 191.855789 30.855564 -0.003828 0.000010999    97   105   799   813
-164.134 54.813 191.854019 30.861324 -0.004307 0.000028410   105   109   799   806
-164.134 54.808 191.854706 30.855417 -0.003407 0.000007058   109   113   799   806
-164.126 54.812 191.859787 30.831640 -0.003908 0.000022070   105   109   806   813
-164.126 54.808 191.860519 30.825451 -0.003394 0.000005313   109   113   806   813
-164.145 54.803 191.847260 30.890057 -0.003302 0.000008089   113   121   786   799
-164.143 54.793 191.848770 30.876907 -0.004216 0.000005139   121   130   786   799
-164.131 54.802 191.858734 30.831388 -0.003640 0.000006929   113   121   799   813
-164.132 54.792 191.860260 30.818674 -0.003918 0.000008280   121   130   799   813
-164.099 54.842 191.881317 30.732269 -0.003223 0.000001031    65    97   813   868
-164.119 54.812 191.887161 30.687330 -0.003438 0.000004529    97   130   813   868
-164.256 54.765 191.755966 31.353128 -0.004882 0.000015132   130   162   651   705
-164.265 54.735 191.761841 31.306423 -0.003993 0.000004215   162   195   651   705
-164.227 54.784 191.782059 31.220995 -0.004280 0.000028075   130   138   705   718
-164.230 54.777 191.783508 31.209351 -0.004530 0.000078816   138   146   705   718
-164.212 54.784 191.793457 31.160925 -0.004893 0.000016350   130   138   718   732
-164.211 54.777 191.794937 31.148869 -0.004794 0.000037353   138   146   718   732
-164.221 54.765 191.791580 31.160299 -0.004007 0.000009512   146   162   705   732
-164.199 54.785 191.804825 31.101187 -0.004299 0.000007040   130   138   732   745
-164.197 54.776 191.806229 31.089115 -0.005552 0.000031722   138   146   732   745
-164.189 54.786 191.812958 31.059629 -0.004761 0.000023424   130   134   745   752
-164.183 54.786 191.818848 31.028458 -0.004038 0.000015856   130   134   752   759
-164.180 54.781 191.819595 31.022099 -0.005226 0.000107332   134   138   752   759
-164.188 54.776 191.817703 31.028490 -0.003765 0.000022981   138   146   745   759
-164.191 54.766 191.814362 31.039152 -0.004569 0.000015104   146   162   732   759
-164.209 54.736 191.807419 31.063261 -0.004827 0.000003333   162   195   705   759
-164.274 54.717 191.754913 31.329845 -0.005247 0.000013288   195   211   651   678
-164.280 54.702 191.751221 31.341768 -0.006530 0.000007462   211   219   651   664
-164.283 54.694 191.749313 31.348120 -0.006981 0.000077361   219   223   651   657
-164.285 54.691 191.750107 31.341238 -0.008747 0.000080038   223   227   651   657
-164.279 54.695 191.754807 31.318939 -0.007357 0.000029426   219   223   657   664
-164.279 54.691 191.755585 31.312023 -0.007828 0.000037019   223   227   657   664
-164.267 54.700 191.762589 31.280756 -0.006849 0.000115290   211   219   664   678
-164.268 54.692 191.764069 31.267517 -0.007119 0.000008676   219   227   664   678
-164.244 54.715 191.777710 31.207796 -0.005264 0.000011233   195   211   678   705
-164.248 54.698 191.780640 31.180777 -0.006274 0.000019481   211   227   678   705
-164.281 54.685 191.754089 31.316088 -0.008281 0.000135637   227   235   651   664
-164.284 54.680 191.752304 31.321497 -0.009519 0.000455568   235   239   651   657
-164.284 54.675 191.752930 31.315317 -0.008551 0.000067348   239   243   651   657
-164.278 54.679 191.757690 31.292566 -0.006564 0.000020186   235   239   657   664
-164.278 54.675 191.758469 31.285780 -0.007201 0.000012305   239   243   657   664
-164.268 54.686 191.765549 31.254124 -0.006698 0.000013991   227   235   664   678
-164.270 54.676 191.767014 31.240780 -0.006871 0.000009837   235   243   664   678
-164.284 54.670 191.753708 31.308405 -0.007513 0.000057254   243   247   651   657
-164.284 54.667 191.754471 31.301493 -0.006909 0.000018086   247   251   651   657
-164.278 54.671 191.759140 31.279469 -0.007392 0.000015330   243   247   657   664
-164.279 54.667 191.759842 31.272638 -0.006876 0.000012651   247   251   657   664
-164.282 54.660 191.758591 31.274956 -0.007061 0.000004959   251   260   651   664
-164.271 54.671 191.765121 31.246984 -0.006971 0.000010454   243   247   664   671
-164.271 54.667 191.765839 31.240248 -0.007012 0.000012443   247   251   664   671
-164.265 54.671 191.771027 31.214979 -0.007468 0.000044870   243   247   671   678
-164.265 54.667 191.771820 31.207905 -0.007208 0.000015852   247   251   671   678
-164.271 54.663 191.766495 31.233877 -0.007128 0.000013234   251   255   664   671
-164.271 54.658 191.767365 31.226213 -0.007269 0.000011394   255   260   664   671
-164.265 54.663 191.772507 31.201508 -0.006889 0.000019061   251   255   671   678
-164.264 54.658 191.773300 31.194138 -0.006658 0.000022448   255   260   671   678
-164.254 54.684 191.776855 31.192923 -0.006331 0.000010709   227   235   678   691
-164.254 54.676 191.778320 31.179434 -0.007169 0.000013782   235   243   678   691
-164.239 54.685 191.788330 31.130762 -0.005707 0.000011988   227   235   691   705
-164.238 54.677 191.789749 31.117710 -0.005667 0.000014908   235   243   691   705
-164.259 54.667 191.777176 31.178802 -0.007572 0.000064616   247   251   678   684
-164.249 54.672 191.781982 31.155537 -0.005910 0.000097033   243   247   684   691
-164.251 54.667 191.782822 31.148333 -0.006551 0.000024901   247   251   684   691
-164.259 54.664 191.778061 31.171453 -0.007242 0.000004705   251   255   678   684
-164.258 54.657 191.778778 31.164415 -0.005901 0.000070891   255   260   678   684
-164.248 54.662 191.783478 31.142206 -0.005540 0.000087173   251   255   684   691
-164.250 54.658 191.784393 31.134109 -0.006097 0.000041444   255   260   684   691
-164.238 54.670 191.791183 31.104414 -0.004990 0.000032948   243   251   691   705
-164.241 54.660 191.792709 31.090427 -0.004821 0.000020957   251   260   691   705
-164.213 54.715 191.800491 31.085768 -0.004619 0.000019650   195   211   705   732
-164.220 54.700 191.803391 31.057991 -0.005094 0.000042292   211   227   705   732
-164.191 54.716 191.823242 30.963806 -0.003436 0.000006051   195   211   732   759
-164.189 54.701 191.826172 30.935108 -0.003249 0.000011929   211   227   732   759
-164.225 54.678 191.806320 31.030514 -0.005070 0.000009985   227   243   705   732
-164.226 54.669 191.802643 31.042370 -0.004781 0.000005734   243   251   705   718
-164.226 54.659 191.804153 31.028505 -0.004035 0.000010577   251   260   705   718
-164.213 54.669 191.813980 30.980986 -0.004308 0.000002977   243   251   718   732
-164.213 54.660 191.815506 30.966925 -0.004473 0.000003467   251   260   718   732
-164.187 54.679 191.829102 30.906933 -0.004146 0.000029389   227   243   732   759
-164.200 54.667 191.825378 30.919289 -0.003809 0.000012973   243   251   732   745
-164.199 54.660 191.826904 30.905354 -0.003518 0.000003689   251   260   732   745
-164.190 54.669 191.836777 30.857470 -0.003951 0.000116310   243   251   745   759
-164.186 54.659 191.838394 30.843285 -0.003343 0.000004639   251   260   745   759
-164.176 54.783 191.827560 30.981285 -0.005036 0.000039277   130   138   759   772
-164.156 54.786 191.839020 30.921110 -0.004415 0.000019004   130   138   772   786
-164.152 54.777 191.840439 30.908430 -0.005242 0.000024806   138   146   772   786
-164.177 54.769 191.830536 30.955589 -0.003497 0.000042910   146   154   759   772
-164.171 54.760 191.832016 30.942791 -0.003516 0.000008182   154   162   759   772
-164.152 54.768 191.841873 30.895721 -0.004872 0.000136880   146   154   772   786
-164.158 54.759 191.843307 30.882877 -0.004408 0.000044918   154   162   772   786
-164.140 54.780 191.856995 30.826992 -0.004656 0.000002104   130   146   786   813
-164.141 54.766 191.859924 30.801613 -0.005023 0.000002416   146   162   786   813
-164.161 54.748 191.840057 30.893604 -0.003059 0.000008307   162   178   759   786
-164.166 54.728 191.843033 30.869099 -0.003734 0.000005650   178   195   759   786
-164.143 54.750 191.862808 30.776222 -0.004586 0.000024172   162   178   786   813
-164.144 54.730 191.865799 30.750099 -0.002085 0.000017886   178   195   786   813
-164.121 54.723 191.898911 30.585533 -0.001522 0.000036966   162   195   813   868
-164.167 54.713 191.846024 30.841969 -0.003951 0.000006478   195   211   759   786
-164.169 54.703 191.848953 30.812195 -0.003489 0.000019949   211   227   759   786
-164.132 54.715 191.868790 30.721582 -0.002879 0.000014422   195   211   786   813
-164.132 54.701 191.871750 30.691349 -0.003555 0.000013481   211   227   786   813
-164.158 54.678 191.851913 30.783560 -0.003118 0.000014088   227   243   759   786
-164.162 54.660 191.854889 30.756622 -0.003572 0.000006791   243   260   759   786
-164.135 54.679 191.874680 30.662146 -0.002772 0.000001759   227   243   786   813
-164.135 54.664 191.877655 30.634510 -0.002771 0.000002738   243   260   786   813
-164.117 54.704 191.904877 30.524569 -0.002946 0.000006388   195   227   813   868
-164.120 54.680 191.910812 30.463938 -0.002858 0.000007757   227   260   813   868
-164.500 54.646 191.584259 32.187302 -0.001736 0.000001593   260   276   434   461
-164.497 54.631 191.587173 32.163177 -0.000864 0.000001347   276   292   434   461
-164.458 54.643 191.606918 32.068424 -0.001846 0.000007864   260   276   461   488
-164.465 54.630 191.609848 32.043571 -0.001475 0.000004192   276   292   461   488
-164.485 54.603 191.603012 32.065395 0.000572 0.000000934   292   325   434   488
-164.449 54.649 191.622986 31.986694 -0.003466 0.000020833   260   268   488   501
-164.449 54.643 191.624496 31.973906 -0.002674 0.000006062   268   276   488   501
-164.434 54.652 191.634323 31.927416 -0.001493 0.000030658   260   268   501   515
-164.437 54.642 191.635818 31.914545 -0.001860 0.000008636   268   276   501   515
-164.442 54.631 191.632553 31.923819 -0.002361 0.000001899   276   292   488   515
-164.424 54.654 191.642456 31.886070 -0.005140 0.000028427   260   264   515   521
-164.417 54.654 191.647858 31.857656 -0.004778 0.000039438   260   264   521   528
-164.414 54.650 191.648651 31.851273 -0.006646 0.000075010   264   268   521   528
-164.410 54.654 191.653732 31.827074 -0.006224 0.000019794   260   264   528   535
-164.410 54.650 191.654388 31.821259 -0.007393 0.000026953   264   268   528   535
-164.403 54.654 191.659531 31.796518 -0.007216 0.000018355   260   264   535   542
-164.404 54.649 191.660324 31.790039 -0.008368 0.000019168   264   268   535   542
-164.402 54.645 191.661057 31.783146 -0.008943 0.000065074   268   272   535   542
-164.402 54.641 191.661728 31.776764 -0.006426 0.000032965   272   276   535   542
-164.415 54.630 191.655243 31.804123 -0.003076 0.000005157   276   292   515   542
-164.437 54.617 191.635513 31.898060 -0.001096 0.000003656   292   308   488   515
-164.449 54.601 191.631805 31.910145 -0.000216 0.000004823   308   316   488   501
-164.449 54.594 191.633347 31.896700 0.001225 0.000007421   316   325   488   501
-164.434 54.602 191.643188 31.849741 -0.001723 0.000009398   308   316   501   515
-164.433 54.594 191.644730 31.836107 -0.001632 0.000020462   316   325   501   515
-164.418 54.619 191.658203 31.777628 -0.002253 0.000004199   292   308   515   542
-164.414 54.598 191.661209 31.751144 -0.001702 0.000003473   308   325   515   542
-164.507 54.582 191.587021 32.137161 0.003465 0.000028190   329   333   434   440
-164.500 54.586 191.591690 32.114651 0.002299 0.000164044   325   329   440   447
-164.502 54.582 191.592529 32.107891 0.002781 0.000027430   329   333   440   447
-164.503 54.577 191.591003 32.112717 0.003567 0.000006991   333   341   434   447
-164.488 54.584 191.600830 32.064724 0.001450 0.000065748   325   333   447   461
-164.490 54.577 191.602295 32.052601 0.002136 0.000005704   333   341   447   461
-164.497 54.565 191.599060 32.064415 0.002734 0.000002018   341   357   434   461
-164.467 54.581 191.618851 31.966482 0.001167 0.000003631   325   341   461   488
-164.468 54.564 191.621780 31.942930 0.000965 0.000001961   341   357   461   488
-164.497 54.548 191.601990 32.041889 0.003007 0.000001410   357   373   434   461
-164.504 54.536 191.598221 32.058182 0.003986 0.000003974   373   381   434   447
-164.503 54.529 191.599777 32.047558 0.004201 0.000013858   381   390   434   447
-164.490 54.536 191.609695 31.996260 0.003158 0.000005544   373   381   447   461
-164.490 54.528 191.611145 31.985813 0.002768 0.000005675   381   390   447   461
-164.468 54.548 191.624680 31.920019 0.001782 0.000000905   357   373   461   488
-164.468 54.531 191.627640 31.897551 0.002116 0.000000840   373   390   461   488
-164.448 54.584 191.634872 31.883249 0.000488 0.000011549   325   333   488   501
-164.449 54.577 191.636337 31.870859 0.000522 0.000003684   333   341   488   501
-164.433 54.584 191.646317 31.822369 -0.000024 0.000014455   325   333   501   515
-164.434 54.577 191.647736 31.810160 0.000000 0.000002749   333   341   501   515
-164.441 54.565 191.644424 31.821672 0.000879 0.000001108   341   357   488   515
-164.413 54.580 191.664200 31.724714 -0.000707 0.000002224   325   341   515   542
-164.413 54.565 191.667130 31.700205 -0.000516 0.000000989   341   357   515   542
-164.441 54.548 191.647354 31.798033 0.000872 0.000000793   357   373   488   515
-164.449 54.536 191.643707 31.812275 0.000875 0.000003723   373   381   488   501
-164.450 54.527 191.645203 31.800724 0.000941 0.000006656   381   390   488   501
-164.435 54.537 191.654953 31.751436 0.000547 0.000006048   373   381   501   515
-164.432 54.525 191.656540 31.739140 0.000835 0.000017305   381   390   501   515
-164.414 54.548 191.670044 31.676073 0.000069 0.000000733   357   373   515   542
-164.411 54.531 191.673065 31.651403 0.000118 0.000003649   373   390   515   542
-164.393 54.652 191.668442 31.748060 -0.007538 0.000008897   260   268   542   555
-164.393 54.643 191.669846 31.735140 -0.006947 0.000004775   268   276   542   555
-164.379 54.652 191.679779 31.687847 -0.008861 0.000009476   260   268   555   569
-164.382 54.645 191.678024 31.693151 -0.007416 0.000008445   268   272   555   562
-164.383 54.641 191.678680 31.686800 -0.006973 0.000012699   272   276   555   562
-164.375 54.645 191.683731 31.662609 -0.008085 0.000009600   268   272   562   569
-164.376 54.642 191.684540 31.655787 -0.007712 0.000016340   272   276   562   569
-164.397 54.638 191.666626 31.748762 -0.005739 0.000051935   276   278   542   545
-164.399 54.635 191.666992 31.745367 -0.002342 0.000052082   278   280   542   545
-164.394 54.638 191.669022 31.736053 -0.005618 0.000068979   276   278   545   548
-164.397 54.633 191.668701 31.734201 -0.002609 0.000060136   280   284   542   548
-164.389 54.638 191.673553 31.711260 -0.006105 0.000043781   276   280   548   555
-164.389 54.633 191.674179 31.704950 -0.007025 0.000041744   280   284   548   555
-164.398 54.629 191.669479 31.727249 -0.002272 0.000257267   284   288   542   548
-164.397 54.625 191.670227 31.720564 -0.002668 0.000207272   288   292   542   548
-164.389 54.629 191.674911 31.698519 -0.006264 0.000638673   284   288   548   555
-164.389 54.625 191.675644 31.691620 -0.006325 0.000000033   288   292   548   555
-164.383 54.637 191.679367 31.680126 -0.006289 0.000047949   276   280   555   562
-164.383 54.634 191.680161 31.673307 -0.006686 0.000035245   280   284   555   562
-164.375 54.637 191.685394 31.648205 -0.007727 0.000285852   276   280   562   569
-164.376 54.632 191.686050 31.641970 -0.006396 0.000062500   280   284   562   569
-164.381 54.629 191.680878 31.666597 -0.007012 0.000092706   284   288   555   562
-164.382 54.626 191.681595 31.660082 -0.007448 0.000036544   288   292   555   562
-164.378 54.629 191.686844 31.635149 -0.006825 0.000038168   284   288   562   569
-164.373 54.625 191.687546 31.628153 -0.006653 0.000210180   288   292   562   569
-164.365 54.652 191.691101 31.627598 -0.009781 0.000006984   260   268   569   582
-164.369 54.645 191.689316 31.632971 -0.008546 0.000014558   268   272   569   575
-164.369 54.641 191.689987 31.626732 -0.007877 0.000044349   272   276   569   575
-164.362 54.645 191.694672 31.604597 -0.008775 0.000016606   268   272   575   582
-164.363 54.641 191.695511 31.597412 -0.008044 0.000041001   272   276   575   582
-164.352 54.652 191.702530 31.566864 -0.010015 0.000004038   260   268   582   596
-164.355 54.645 191.700668 31.572813 -0.009083 0.000019375   268   272   582   589
-164.355 54.641 191.701324 31.566280 -0.008071 0.000032628   272   276   582   589
-164.350 54.646 191.704849 31.551142 -0.009252 0.000016338   268   270   589   592
-164.350 54.643 191.705139 31.548304 -0.008937 0.000009107   270   272   589   592
-164.347 54.646 191.707733 31.535709 -0.009912 0.000049202   268   270   592   596
-164.346 54.644 191.708038 31.532867 -0.009786 0.000124324   270   272   592   596
-164.350 54.641 191.707367 31.534367 -0.008151 0.000071773   272   276   589   596
-164.367 54.638 191.690674 31.620157 -0.006490 0.000011742   276   280   569   575
-164.369 54.631 191.691483 31.613001 -0.006525 0.000038120   280   284   569   575
-164.362 54.638 191.696182 31.590883 -0.007755 0.000042081   276   280   575   582
-164.359 54.632 191.696869 31.584360 -0.007657 0.000358452   280   284   575   582
-164.365 54.627 191.695496 31.587442 -0.007231 0.000012046   284   292   569   582
-164.352 54.635 191.705429 31.540192 -0.007439 0.000081800   276   284   582   596
-164.352 54.625 191.706879 31.526896 -0.005773 0.000020282   284   292   582   596
-164.395 54.621 191.674225 31.695110 -0.004493 0.000213358   292   300   542   555
-164.393 54.614 191.675705 31.681873 -0.003845 0.000125306   300   308   542   555
-164.377 54.620 191.685654 31.634359 -0.006249 0.000374080   292   300   555   569
-164.381 54.612 191.683762 31.640158 -0.004923 0.000085931   300   304   555   562
-164.381 54.609 191.684433 31.634031 -0.003193 0.000117640   304   308   555   562
-164.376 54.613 191.689728 31.608215 -0.003845 0.000066847   300   304   562   569
-164.375 54.609 191.690430 31.602203 -0.003241 0.000046485   304   308   562   569
-164.388 54.596 191.683899 31.630136 -0.001395 0.000009967   308   325   542   569
-164.362 54.619 191.696991 31.573906 -0.004573 0.000031022   292   300   569   582
-164.369 54.612 191.695129 31.579653 -0.003955 0.000023827   300   304   569   575
-164.369 54.609 191.695938 31.572725 -0.003636 0.000013847   304   308   569   575
-164.361 54.613 191.700684 31.549946 -0.004312 0.000023841   300   304   575   582
-164.362 54.609 191.701385 31.543766 -0.004555 0.000007860   304   308   575   582
-164.352 54.619 191.708328 31.513454 -0.004298 0.000002531   292   300   582   596
-164.352 54.611 191.709747 31.500383 -0.004254 0.000002844   300   308   582   596
-164.365 54.602 191.699966 31.547411 -0.003883 0.000005823   308   316   569   582
-164.365 54.594 191.701508 31.533764 -0.003197 0.000009994   316   325   569   582
-164.354 54.603 191.711258 31.487309 -0.004396 0.000005357   308   316   582   596
-164.352 54.592 191.712830 31.473288 -0.003853 0.000009851   316   325   582   596
-164.338 54.652 191.713791 31.506996 -0.010006 0.000004509   260   268   596   609
-164.341 54.645 191.711960 31.512735 -0.009562 0.000021434   268   272   596   602
-164.340 54.642 191.712830 31.505053 -0.009202 0.000041623   272   276   596   602
-164.334 54.645 191.717422 31.483601 -0.009315 0.000024892   268   272   602   609
-164.336 54.642 191.718170 31.476772 -0.009512 0.000027642   272   276   602   609
-164.327 54.654 191.721939 31.465059 -0.010623 0.000006818   260   264   609   616
-164.327 54.649 191.722641 31.458723 -0.010139 0.000013486   264   268   609   616
-164.321 54.654 191.727829 31.433964 -0.010851 0.000007943   260   264   616   623
-164.321 54.649 191.728607 31.427063 -0.010592 0.000012534   264   268   616   623
-164.326 54.646 191.723282 31.452469 -0.009599 0.000019757   268   272   609   616
-164.321 54.645 191.729263 31.420565 -0.010084 0.000013334   268   272   616   623
-164.319 54.641 191.729980 31.414011 -0.009459 0.000066542   272   276   616   623
-164.336 54.632 191.716782 31.479860 -0.006736 0.000027243   276   284   596   609
-164.337 54.627 191.718292 31.466095 -0.005300 0.000009439   284   292   596   609
-164.319 54.635 191.728134 31.419577 -0.006996 0.000112980   276   284   609   623
-164.328 54.628 191.726212 31.425234 -0.005528 0.000025057   284   288   609   616
-164.327 54.625 191.727005 31.418459 -0.006325 0.000016123   288   292   609   616
-164.320 54.629 191.732147 31.393862 -0.006212 0.000014064   284   288   616   623
-164.320 54.625 191.732880 31.386917 -0.006663 0.000012633   288   292   616   623
-164.315 54.654 191.733765 31.402287 -0.011471 0.000040863   260   264   623   630
-164.315 54.650 191.734421 31.395983 -0.011008 0.000033857   264   268   623   630
-164.304 54.649 191.740265 31.365049 -0.006972 0.000287612   264   268   630   637
-164.309 54.642 191.738495 31.370188 -0.007455 0.000045731   268   276   623   637
-164.296 54.654 191.745453 31.340174 -0.007859 0.000059797   260   264   637   644
-164.297 54.649 191.746124 31.334019 -0.006900 0.000032588   264   268   637   644
-164.291 54.654 191.751450 31.308493 -0.007565 0.000009887   260   264   644   651
-164.291 54.649 191.752106 31.302118 -0.007332 0.000011745   264   268   644   651
-164.294 54.643 191.750244 31.307676 -0.006840 0.000005119   268   276   637   651
-164.313 54.637 191.736603 31.375830 -0.006706 0.000058060   276   280   623   630
-164.313 54.633 191.737381 31.368883 -0.005452 0.000017901   280   284   623   630
-164.306 54.637 191.742569 31.344107 -0.006670 0.000012888   276   280   630   637
-164.306 54.633 191.743301 31.337353 -0.006090 0.000006173   280   284   630   637
-164.310 54.627 191.741425 31.342957 -0.006175 0.000003185   284   292   623   637
-164.295 54.635 191.751663 31.294329 -0.006483 0.000004743   276   284   637   651
-164.295 54.627 191.753128 31.280758 -0.006123 0.000003793   284   292   637   651
-164.338 54.619 191.719742 31.452726 -0.005324 0.000006550   292   300   596   609
-164.338 54.611 191.721207 31.439463 -0.004530 0.000004174   300   308   596   609
-164.324 54.619 191.731049 31.392534 -0.005530 0.000006596   292   300   609   623
-164.324 54.611 191.732529 31.379141 -0.004411 0.000003573   300   308   609   623
-164.337 54.602 191.722626 31.426577 -0.003919 0.000010408   308   316   596   609
-164.337 54.594 191.724213 31.412725 -0.003303 0.000006065   316   325   596   609
-164.326 54.603 191.730820 31.384243 -0.003694 0.000031057   308   312   609   616
-164.327 54.600 191.731461 31.378204 -0.003470 0.000017526   312   316   609   616
-164.321 54.604 191.736465 31.353930 -0.003658 0.000016697   308   312   616   623
-164.320 54.600 191.737320 31.347033 -0.003439 0.000014962   312   316   616   623
-164.324 54.594 191.735580 31.351871 -0.002511 0.000004287   316   325   609   623
-164.310 54.619 191.742889 31.329485 -0.005414 0.000004016   292   300   623   637
-164.310 54.611 191.744308 31.316366 -0.004524 0.000004619   300   308   623   637
-164.295 54.619 191.754639 31.266916 -0.005375 0.000002969   292   300   637   651
-164.296 54.611 191.756104 31.253439 -0.004788 0.000008004   300   308   637   651
-164.310 54.602 191.745758 31.303244 -0.003376 0.000005630   308   316   623   637
-164.310 54.593 191.747253 31.289665 -0.002831 0.000004384   316   325   623   637
-164.296 54.601 191.757599 31.240225 -0.002959 0.000007697   308   316   637   651
-164.295 54.593 191.759140 31.226215 -0.003104 0.000003042   316   325   637   651
-164.372 54.572 191.699768 31.530361 -0.000954 0.000000374   325   357   542   596
-164.372 54.540 191.705627 31.480360 -0.000545 0.000000313   357   390   542   596
-164.332 54.579 191.732346 31.360949 -0.001991 0.000002054   325   341   596   623
-164.330 54.565 191.735260 31.335722 -0.001402 0.000001964   341   357   596   623
-164.302 54.580 191.755478 31.237467 -0.002452 0.000001327   325   341   623   651
-164.305 54.566 191.758408 31.211893 -0.001559 0.000000860   341   357   623   651
-164.332 54.545 191.751511 31.234066 -0.001304 0.000001497   357   390   596   651
-164.473 54.507 191.620728 31.925236 0.002224 0.000001381   390   422   434   488
-164.483 54.473 191.626740 31.869011 0.001737 0.000000519   422   455   434   488
-164.441 54.516 191.653351 31.751160 0.001005 0.000001536   390   406   488   515
-164.443 54.497 191.656281 31.726042 0.002043 0.000002547   406   422   488   515
-164.416 54.517 191.676041 31.627085 0.000229 0.000003750   390   406   515   542
-164.412 54.498 191.678940 31.602100 0.000374 0.000002274   406   422   515   542
-164.442 54.482 191.659180 31.699028 0.001553 0.000001030   422   438   488   515
-164.441 54.465 191.662201 31.671228 0.000741 0.000001483   438   455   488   515
-164.416 54.482 191.681870 31.575747 0.001028 0.000003282   422   438   515   542
-164.414 54.465 191.684906 31.548594 -0.000033 0.000001398   438   455   515   542
-164.503 54.452 191.613266 31.926762 0.001625 0.000006626   455   463   434   447
-164.503 54.444 191.614761 31.912973 0.001300 0.000006650   463   471   434   447
-164.490 54.452 191.624680 31.865278 0.000825 0.000001786   455   463   447   461
-164.490 54.444 191.626114 31.851719 0.000485 0.000002242   463   471   447   461
-164.495 54.432 191.622925 31.860262 0.000062 0.000001996   471   488   434   461
-164.468 54.448 191.642548 31.766037 -0.000179 0.000000979   455   471   461   488
-164.468 54.431 191.645584 31.738501 -0.000448 0.000000753   471   488   461   488
-164.488 54.419 191.638824 31.758659 0.000338 0.000002903   488   521   434   488
-164.435 54.443 191.678131 31.568665 -0.001039 0.000000959   455   488   488   542
-164.452 54.421 191.684128 31.516100 -0.000996 0.000060065   488   521   488   542
-164.373 54.495 191.737686 31.279207 -0.000377 0.000000684   390   455   542   651
-164.389 54.451 191.749588 31.174313 -0.000865 0.000011938   455   521   542   651
-164.282 54.652 191.760178 31.260540 -0.007405 0.000002599   260   268   651   664
-164.285 54.645 191.758347 31.266111 -0.007121 0.000007846   268   272   651   657
-164.285 54.641 191.759018 31.259539 -0.007292 0.000007872   272   276   651   657
-164.279 54.645 191.763870 31.236477 -0.007041 0.000006242   268   272   657   664
-164.279 54.641 191.764603 31.229681 -0.006830 0.000010499   272   276   657   664
-164.272 54.654 191.768112 31.218977 -0.007026 0.000014575   260   264   664   671
-164.272 54.649 191.768906 31.212107 -0.007114 0.000011748   264   268   664   671
-164.264 54.654 191.774155 31.186518 -0.006239 0.000027089   260   264   671   678
-164.265 54.649 191.774796 31.179983 -0.006521 0.000032363   264   268   671   678
-164.272 54.645 191.769608 31.205294 -0.007130 0.000008698   268   272   664   671
-164.273 54.641 191.770340 31.198519 -0.007052 0.000025079   272   276   664   671
-164.263 54.645 191.775558 31.173353 -0.006801 0.000026455   268   272   671   678
-164.265 54.641 191.776291 31.166443 -0.007714 0.000021749   272   276   671   678
-164.285 54.637 191.759750 31.252798 -0.006799 0.000017449   276   280   651   657
-164.285 54.633 191.760544 31.245722 -0.005968 0.000017465   280   284   651   657
-164.279 54.637 191.765244 31.223240 -0.006593 0.000011305   276   280   657   664
-164.280 54.634 191.766022 31.216288 -0.006365 0.000013814   280   284   657   664
-164.286 54.629 191.761215 31.239199 -0.005898 0.000031411   284   288   651   657
-164.285 54.625 191.761948 31.232458 -0.005458 0.000017209   288   292   651   657
-164.279 54.628 191.766754 31.209326 -0.005663 0.000046367   284   288   657   664
-164.279 54.625 191.767410 31.203051 -0.005427 0.000027990   288   292   657   664
-164.267 54.635 191.774445 31.172150 -0.007448 0.000024122   276   284   664   678
-164.266 54.626 191.775955 31.158527 -0.006098 0.000045024   284   292   664   678
-164.246 54.646 191.789551 31.098976 -0.005795 0.000007362   260   276   678   705
-164.245 54.631 191.792496 31.071985 -0.003830 0.000004914   276   292   678   705
-164.282 54.619 191.766006 31.206190 -0.005004 0.000004900   292   300   651   664
-164.281 54.612 191.767426 31.192980 -0.004620 0.000004207   300   308   651   664
-164.269 54.618 191.777420 31.144802 -0.004636 0.000004903   292   300   664   678
-164.269 54.611 191.778900 31.131405 -0.004138 0.000003669   300   308   664   678
-164.281 54.603 191.768890 31.180012 -0.004163 0.000007873   308   316   651   664
-164.282 54.593 191.770447 31.165859 -0.002771 0.000004369   316   325   651   664
-164.268 54.602 191.780304 31.118490 -0.003791 0.000004609   308   316   664   678
-164.267 54.594 191.781845 31.104660 -0.003672 0.000003590   316   325   664   678
-164.254 54.620 191.788712 31.084049 -0.005132 0.000016421   292   300   678   691
-164.256 54.611 191.790192 31.070580 -0.004125 0.000013689   300   308   678   691
-164.240 54.619 191.800156 31.022396 -0.003162 0.000007224   292   300   691   705
-164.239 54.611 191.801590 31.009165 -0.003462 0.000014387   300   308   691   705
-164.256 54.603 191.791687 31.057238 -0.003929 0.000016275   308   316   678   691
-164.259 54.596 191.789841 31.063263 -0.003590 0.000042733   316   320   678   684
-164.258 54.593 191.790634 31.055914 -0.003847 0.000051668   320   325   678   684
-164.249 54.597 191.795303 31.033766 -0.004363 0.000096377   316   320   684   691
-164.248 54.590 191.796219 31.026026 -0.003708 0.000154314   320   325   684   691
-164.244 54.602 191.803009 30.996258 -0.003874 0.000048918   308   316   691   705
-164.241 54.592 191.804565 30.982491 -0.004022 0.000015946   316   325   691   705
-164.219 54.648 191.812363 30.975761 -0.004449 0.000002322   260   276   705   732
-164.223 54.632 191.815231 30.949375 -0.003750 0.000002910   276   292   705   732
-164.198 54.652 191.828430 30.891451 -0.004021 0.000006904   260   268   732   745
-164.198 54.642 191.829895 30.878283 -0.003752 0.000008441   268   276   732   745
-164.188 54.654 191.836517 30.849169 -0.003594 0.000014129   260   264   745   752
-164.189 54.649 191.837265 30.842335 -0.003772 0.000013272   264   268   745   752
-164.182 54.654 191.842529 30.816669 -0.003604 0.000017657   260   264   752   759
-164.182 54.649 191.843185 30.810455 -0.003776 0.000033198   264   268   752   759
-164.188 54.645 191.838028 30.835855 -0.003358 0.000027412   268   272   745   752
-164.188 54.641 191.838654 30.829647 -0.003125 0.000026332   272   276   745   752
-164.184 54.646 191.843948 30.803556 -0.003210 0.000032012   268   272   752   759
-164.182 54.641 191.844650 30.797365 -0.002778 0.000024101   272   276   752   759
-164.198 54.635 191.831390 30.864908 -0.003873 0.000010582   276   284   732   745
-164.200 54.627 191.832901 30.851402 -0.004234 0.000019453   284   292   732   745
-164.185 54.635 191.842743 30.803547 -0.003389 0.000005428   276   284   745   759
-164.185 54.629 191.844162 30.790630 -0.004402 0.000021219   284   292   745   759
-164.227 54.619 191.811523 30.961092 -0.002567 0.000007771   292   300   705   718
-164.228 54.611 191.813049 30.947599 -0.003469 0.000010209   300   308   705   718
-164.215 54.618 191.822891 30.899984 -0.003342 0.000061487   292   300   718   732
-164.211 54.612 191.824310 30.887007 -0.003758 0.000019352   300   308   718   732
-164.224 54.596 191.821152 30.895763 -0.003323 0.000038814   308   325   705   732
-164.203 54.610 191.840912 30.800211 -0.003726 0.000040019   292   308   732   759
-164.204 54.601 191.843933 30.773289 -0.003531 0.000081583   308   325   732   759
-164.276 54.580 191.817215 30.890734 -0.002777 0.000004268   325   390   651   759
-164.145 54.649 191.896927 30.503216 -0.002726 0.000003832   260   325   759   868
