%Reference (Lon,Lat): -164.3750557302111,54.52915370772697, Dimensions: 491,770, Extent: -164.96499666450117,-164.12175031191683,54.38552515474153,54.92376750745494
-164.591 54.726 -11.058264 34.954952 -0.000517 0.000000270     0   245     0   385
-164.922 54.593 -11.243279 33.936565 0.001856 0.000004178   275   306     0    48
-164.889 54.606 -11.209342 34.114605 0.001139 0.000032218   275   290    48    72
-164.906 54.600 -11.216983 34.070572 0.001521 0.000018262   290   298    48    60
-164.907 54.593 -11.218621 34.058758 0.001941 0.000006186   298   306    48    60
-164.894 54.601 -11.206242 34.126003 0.002210 0.000006063   290   298    60    72
-164.894 54.593 -11.207835 34.114658 0.002537 0.000007650   298   306    60    72
-164.864 54.609 -11.187814 34.225075 0.002452 0.000067280   275   290    72    96
-164.881 54.601 -11.195500 34.181438 0.002479 0.000007566   290   298    72    84
-164.881 54.593 -11.197124 34.170193 0.003579 0.000014380   298   306    72    84
-164.871 54.604 -11.186982 34.226048 0.002151 0.000052248   290   294    84    90
-164.871 54.599 -11.187781 34.220623 0.002811 0.000031176   294   298    84    90
-164.865 54.604 -11.181568 34.253956 0.001965 0.000055540   290   294    90    96
-164.864 54.600 -11.182364 34.248585 0.003144 0.000022159   294   298    90    96
-164.867 54.593 -11.186244 34.226589 0.003427 0.000008400   298   306    84    96
-164.944 54.579 -11.258633 33.845703 0.002630 0.000002054   306   321     0    24
-164.943 54.566 -11.261753 33.821606 0.002996 0.000004886   321   337     0    24
-164.927 54.580 -11.237072 33.957932 0.002279 0.000001000   306   321    24    48
-164.927 54.563 -11.240166 33.934647 0.003406 0.000001927   321   337    24    48
-164.941 54.549 -11.264812 33.797840 0.003447 0.000009240   337   352     0    24
-164.940 54.537 -11.267914 33.773697 0.003051 0.000050300   352   368     0    24
-164.927 54.547 -11.243271 33.911171 0.004644 0.000002621   337   352    24    48
-164.938 54.536 -11.253242 33.853790 0.003391 0.000050596   352   356    24    30
-164.936 54.532 -11.253902 33.848263 0.003483 0.000049083   356   360    24    30
-164.930 54.536 -11.247834 33.882282 0.004710 0.000099724   352   356    30    36
-164.928 54.531 -11.248628 33.876064 0.004303 0.000296896   356   360    30    36
-164.934 54.527 -11.254651 33.842289 0.003469 0.000037561   360   364    24    30
-164.930 54.527 -11.249417 33.869846 0.004217 0.000039612   360   364    30    36
-164.930 54.523 -11.250276 33.863110 0.003664 0.000012599   364   368    30    36
-164.920 54.534 -11.240211 33.921452 0.005110 0.000005548   352   360    36    48
-164.920 54.525 -11.241826 33.908676 0.005105 0.000007233   360   368    36    48
-164.887 54.571 -11.206348 34.114956 0.003756 0.000000588   306   337    48    96
-164.887 54.538 -11.212531 34.069084 0.005331 0.000000581   337   368    48    96
-164.819 54.627 -11.151011 34.423046 0.001211 0.000010011   245   275    96   144
-164.848 54.619 -11.170881 34.313248 0.000180 0.000106143   275   282    96   108
-164.853 54.610 -11.172421 34.302876 0.002206 0.000010332   282   290    96   108
-164.838 54.619 -11.160027 34.368816 0.000704 0.000020954   275   282   108   120
-164.843 54.609 -11.161578 34.358631 0.002305 0.000018620   282   290   108   120
-164.848 54.598 -11.169349 34.315250 0.003547 0.000002081   290   306    96   120
-164.828 54.621 -11.149268 34.423954 0.001448 0.000063052   275   282   120   132
-164.815 54.618 -11.138542 34.479271 0.002501 0.000010633   275   282   132   144
-164.814 54.611 -11.140073 34.469765 0.003520 0.000014257   282   290   132   144
-164.828 54.601 -11.152299 34.404484 0.002536 0.000007946   290   298   120   132
-164.828 54.593 -11.153874 34.394485 0.003475 0.000009664   298   306   120   132
-164.817 54.604 -11.144013 34.448116 0.002271 0.000051707   290   294   132   138
-164.820 54.599 -11.144814 34.443192 0.002789 0.000309827   294   298   132   138
-164.808 54.605 -11.138608 34.476368 0.004014 0.000073532   290   294   138   144
-164.809 54.600 -11.139397 34.471546 0.002991 0.000045317   294   298   138   144
-164.816 54.593 -11.143262 34.450283 0.002954 0.000008620   298   306   132   144
-164.798 54.634 -11.124632 34.556309 0.000638 0.000029411   260   267   144   156
-164.802 54.627 -11.126214 34.545334 0.001691 0.000007873   267   275   144   156
-164.791 54.634 -11.114059 34.610363 0.001121 0.000015088   260   267   156   168
-164.788 54.627 -11.115565 34.600040 0.002134 0.000010470   267   275   156   168
-164.761 54.639 -11.095635 34.707676 0.001376 0.000205260   245   260   168   192
-164.773 54.634 -11.103186 34.665932 0.002079 0.000505987   260   267   168   180
-164.780 54.629 -11.106837 34.645519 0.002121 0.000086067   267   271   168   174
-164.780 54.624 -11.107671 34.639935 0.003184 0.000047558   271   275   168   174
-164.771 54.627 -11.101761 34.671543 0.003590 0.000116514   267   271   174   180
-164.770 54.625 -11.102603 34.666019 0.004261 0.000044960   271   275   174   180
-164.759 54.635 -11.092410 34.721004 0.001684 0.000017477   260   267   180   192
-164.767 54.628 -11.096317 34.699482 0.003461 0.000089942   267   271   180   186
-164.765 54.625 -11.097064 34.694504 0.004089 0.000023402   271   275   180   186
-164.758 54.628 -11.090737 34.728142 0.002515 0.000037445   267   271   186   192
-164.759 54.625 -11.091603 34.722549 0.003591 0.000026364   271   275   186   192
-164.802 54.618 -11.127716 34.535126 0.002980 0.000006170   275   282   144   156
-164.805 54.613 -11.131443 34.514919 0.003548 0.000028736   282   286   144   150
-164.805 54.609 -11.132191 34.510437 0.003982 0.000018821   286   290   144   150
-164.798 54.613 -11.126115 34.542538 0.003876 0.000028572   282   286   150   156
-164.798 54.609 -11.126949 34.537712 0.003926 0.000024186   286   290   150   156
-164.792 54.621 -11.119358 34.578667 0.003127 0.000016996   275   278   156   162
-164.792 54.617 -11.120078 34.574257 0.003712 0.000026870   278   282   156   162
-164.785 54.621 -11.113898 34.606846 0.003557 0.000016789   275   278   162   168
-164.786 54.617 -11.114498 34.603092 0.003694 0.000057878   278   282   162   168
-164.792 54.613 -11.120872 34.569717 0.005002 0.000035481   282   286   156   162
-164.792 54.609 -11.121694 34.565048 0.004302 0.000025739   286   290   156   162
-164.785 54.613 -11.115289 34.598652 0.005936 0.000047407   282   286   162   168
-164.785 54.609 -11.116092 34.594208 0.004439 0.000025487   286   290   162   168
-164.795 54.598 -11.126227 34.540371 0.004999 0.000002446   290   306   144   168
-164.769 54.614 -11.101591 34.669792 0.005112 0.000002419   275   290   168   192
-164.769 54.598 -11.104675 34.653484 0.006813 0.000001795   290   306   168   192
-164.835 54.572 -11.163243 34.340698 0.005449 0.000000701   306   337    96   144
-164.848 54.546 -11.178599 34.252403 0.006327 0.000003198   337   352    96   120
-164.854 54.534 -11.186237 34.205830 0.005509 0.000008533   352   360    96   108
-164.854 54.525 -11.187764 34.193245 0.006172 0.000008172   360   368    96   108
-164.841 54.534 -11.175595 34.261902 0.006578 0.000011112   352   360   108   120
-164.841 54.525 -11.177208 34.248775 0.007048 0.000009893   360   368   108   120
-164.821 54.547 -11.157018 34.366718 0.007252 0.000001933   337   352   120   144
-164.821 54.529 -11.160122 34.341621 0.008670 0.000001785   352   368   120   144
-164.782 54.572 -11.120121 34.569275 0.006667 0.000001254   306   337   144   192
-164.802 54.551 -11.140074 34.458843 0.006450 0.000006828   337   344   144   156
-164.805 54.545 -11.143785 34.437035 0.007036 0.000013329   344   348   144   150
-164.805 54.540 -11.144595 34.430454 0.008011 0.000021947   348   352   144   150
-164.798 54.545 -11.138547 34.465000 0.007053 0.000021124   344   348   150   156
-164.798 54.540 -11.139358 34.458431 0.008198 0.000024457   348   352   150   156
-164.788 54.550 -11.129252 34.516602 0.006024 0.000009380   337   344   156   168
-164.788 54.544 -11.130679 34.505920 0.007490 0.000012089   344   352   156   168
-164.802 54.534 -11.143253 34.434101 0.008834 0.000004725   352   360   144   156
-164.802 54.525 -11.144837 34.421112 0.008985 0.000005984   360   368   144   156
-164.792 54.535 -11.132355 34.492413 0.009083 0.000016715   352   360   156   168
-164.793 54.527 -11.136285 34.467979 0.009655 0.000023669   360   364   156   162
-164.793 54.522 -11.137101 34.461418 0.009909 0.000025086   364   368   156   162
-164.786 54.522 -11.131705 34.490330 0.009950 0.000002716   364   368   162   168
-164.769 54.547 -11.113976 34.596550 0.008372 0.000003827   337   352   168   192
-164.777 54.537 -11.123970 34.538509 0.008209 0.000057586   352   356   168   174
-164.772 54.536 -11.118567 34.567394 0.007237 0.000020149   352   356   174   180
-164.772 54.533 -11.119274 34.561218 0.008297 0.000070549   356   360   174   180
-164.765 54.536 -11.112988 34.597179 0.008900 0.000040070   352   356   180   186
-164.765 54.533 -11.113868 34.590160 0.008417 0.000056837   356   360   180   186
-164.759 54.536 -11.107924 34.624256 0.010211 0.000016450   352   356   186   192
-164.759 54.533 -11.108769 34.617470 0.010172 0.000038557   356   360   186   192
-164.756 54.527 -11.112489 34.594269 0.009760 0.000294331   360   368   180   192
-164.920 54.517 -11.261717 33.794266 0.004175 0.000008140   368   398     0    48
-164.907 54.516 -11.232545 33.953484 0.005116 0.000006174   368   375    48    60
-164.910 54.512 -11.236259 33.931019 0.004011 0.000046961   375   379    48    54
-164.904 54.512 -11.231017 33.958481 0.004404 0.000041463   375   379    54    60
-164.905 54.505 -11.231818 33.952068 0.004725 0.000033443   379   383    54    60
-164.894 54.516 -11.221657 34.010689 0.005040 0.000005310   368   375    60    72
-164.893 54.509 -11.223152 33.998646 0.003902 0.000017492   375   383    60    72
-164.904 54.503 -11.235570 33.929214 0.003681 0.000046167   383   390    48    60
-164.897 54.503 -11.226957 33.975521 0.004363 0.000068071   383   386    60    66
-164.897 54.500 -11.227711 33.969421 0.004069 0.000064128   386   390    60    66
-164.890 54.503 -11.221569 34.003796 0.005399 0.000037180   383   386    66    72
-164.890 54.499 -11.222312 33.997658 0.006104 0.000486203   386   390    66    72
-164.893 54.491 -11.226208 33.973827 0.004184 0.000020112   390   398    60    72
-164.881 54.517 -11.211009 34.066628 0.005138 0.000008787   368   375    72    84
-164.879 54.509 -11.212438 34.054852 0.004705 0.000013624   375   383    72    84
-164.869 54.517 -11.200219 34.123322 0.005682 0.000015356   368   375    84    96
-164.867 54.509 -11.201715 34.111111 0.005801 0.000008483   375   383    84    96
-164.881 54.501 -11.213964 34.042355 0.005099 0.000013723   383   390    72    84
-164.881 54.492 -11.215501 34.029751 0.005765 0.000015001   390   398    72    84
-164.867 54.501 -11.203157 34.098953 0.005732 0.000012963   383   390    84    96
-164.867 54.491 -11.204711 34.086117 0.004868 0.000007251   390   398    84    96
-164.907 54.483 -11.238492 33.905426 0.003137 0.000008433   398   405    48    60
-164.904 54.478 -11.240024 33.893097 0.003268 0.000018750   405   413    48    60
-164.894 54.484 -11.227681 33.961773 0.002914 0.000007801   398   405    60    72
-164.894 54.477 -11.229156 33.949646 0.003036 0.000025041   405   413    60    72
-164.884 54.485 -11.219387 34.006149 0.004167 0.000024812   398   401    72    78
-164.884 54.482 -11.220085 34.000530 0.002692 0.000026413   401   405    72    78
-164.877 54.487 -11.213826 34.035164 0.003692 0.000026410   398   401    78    84
-164.876 54.482 -11.214516 34.029507 0.002939 0.000011589   401   405    78    84
-164.878 54.476 -11.218495 34.005138 0.003178 0.000008650   405   413    72    84
-164.867 54.483 -11.206217 34.073658 0.004083 0.000006438   398   405    84    96
-164.867 54.476 -11.207733 34.061165 0.003713 0.000005020   405   413    84    96
-164.875 54.467 -11.220019 33.992672 0.003990 0.000022819   413   421    72    84
-164.875 54.457 -11.221583 33.980145 0.003717 0.000021836   421   429    72    84
-164.867 54.467 -11.209376 34.047966 0.004092 0.000003052   413   421    84    96
-164.867 54.458 -11.210892 34.035641 0.003693 0.000003201   421   429    84    96
-164.866 54.449 -11.255534 33.784977 0.003578 0.000007177   429   491     0    96
-164.859 54.520 -11.191707 34.169197 0.005798 0.000034915   368   371    96   102
-164.858 54.514 -11.192426 34.163418 0.006110 0.000068234   371   375    96   102
-164.851 54.520 -11.186142 34.198475 0.007667 0.000068770   368   371   102   108
-164.851 54.515 -11.186852 34.192677 0.006501 0.000041691   371   375   102   108
-164.854 54.509 -11.190841 34.168148 0.007209 0.000008642   375   383    96   108
-164.841 54.516 -11.178687 34.236507 0.007720 0.000009730   368   375   108   120
-164.841 54.509 -11.180213 34.223915 0.008353 0.000012999   375   383   108   120
-164.854 54.502 -11.192341 34.155617 0.006099 0.000011644   383   390    96   108
-164.854 54.491 -11.193835 34.142921 0.005184 0.000010046   390   398    96   108
-164.844 54.502 -11.184114 34.199936 0.006619 0.000029713   383   386   108   114
-164.845 54.499 -11.184806 34.194122 0.005936 0.000045892   386   390   108   114
-164.838 54.502 -11.178543 34.229088 0.007826 0.000031727   383   386   114   120
-164.837 54.499 -11.179242 34.223248 0.007299 0.000019597   386   390   114   120
-164.841 54.492 -11.183246 34.198273 0.005979 0.000012014   390   398   108   120
-164.821 54.512 -11.163259 34.315811 0.008402 0.000001991   368   383   120   144
-164.821 54.495 -11.166240 34.290409 0.007606 0.000002938   383   398   120   144
-164.848 54.479 -11.190804 34.151478 0.004877 0.000001334   398   413    96   120
-164.854 54.467 -11.198514 34.104416 0.004347 0.000002083   413   421    96   108
-164.854 54.458 -11.200076 34.091797 0.003960 0.000004326   421   429    96   108
-164.841 54.467 -11.187818 34.159985 0.004855 0.000002098   413   421   108   120
-164.841 54.459 -11.189415 34.147133 0.004211 0.000006439   421   429   108   120
-164.821 54.479 -11.169273 34.264549 0.005888 0.000001064   398   413   120   144
-164.821 54.462 -11.172406 34.238495 0.006081 0.000003082   413   429   120   144
-164.802 54.517 -11.146327 34.408936 0.009798 0.000006609   368   375   144   156
-164.802 54.509 -11.147907 34.395920 0.009503 0.000007801   375   383   144   156
-164.792 54.518 -11.137717 34.456188 0.010492 0.000056050   368   371   156   162
-164.792 54.515 -11.138354 34.450840 0.010622 0.000018319   371   375   156   162
-164.785 54.518 -11.132426 34.484505 0.011691 0.000086778   368   371   162   168
-164.785 54.513 -11.133121 34.478863 0.011047 0.000057134   371   375   162   168
-164.793 54.511 -11.139237 34.443661 0.010813 0.000035564   375   379   156   162
-164.792 54.506 -11.140042 34.436768 0.010109 0.000050122   379   383   156   162
-164.786 54.510 -11.133984 34.471874 0.012215 0.000078598   375   379   162   168
-164.785 54.506 -11.134815 34.464787 0.010609 0.000035346   379   383   162   168
-164.795 54.495 -11.144773 34.405350 0.008131 0.000001677   383   398   144   168
-164.772 54.517 -11.124797 34.524281 0.011213 0.000130472   368   375   168   180
-164.779 54.506 -11.129422 34.493710 0.010553 0.000061823   379   383   168   174
-164.772 54.509 -11.123174 34.529827 0.013501 0.000157713   375   379   174   180
-164.773 54.506 -11.125010 34.518036 0.010479 0.000255537   379   381   174   177
-164.774 54.505 -11.125407 34.514568 0.009696 0.000042004   381   383   174   177
-164.770 54.507 -11.122304 34.532497 0.011060 0.000166957   379   381   177   180
-164.768 54.507 -11.119954 34.545155 0.011376 0.000217307   379   381   180   183
-164.762 54.507 -11.116918 34.561424 0.011111 0.000098328   379   381   183   186
-164.763 54.505 -11.117325 34.557941 0.011429 0.000042881   381   383   183   186
-164.758 54.510 -11.112512 34.587078 0.011717 0.000082055   375   379   186   192
-164.761 54.507 -11.113400 34.579567 0.011073 0.000040390   379   383   186   192
-164.779 54.502 -11.130140 34.487545 0.009526 0.000026199   383   386   168   174
-164.779 54.499 -11.130845 34.481579 0.009699 0.000013901   386   390   168   174
-164.771 54.502 -11.124569 34.517361 0.010999 0.000046569   383   386   174   180
-164.772 54.499 -11.125275 34.511383 0.010393 0.000019725   386   390   174   180
-164.775 54.492 -11.129283 34.486069 0.009426 0.000004895   390   398   168   180
-164.767 54.503 -11.119346 34.545364 0.011501 0.000022331   383   386   180   186
-164.768 54.499 -11.120046 34.539379 0.010986 0.000031473   386   390   180   186
-164.765 54.494 -11.120869 34.532421 0.010299 0.000010163   390   394   180   186
-164.765 54.490 -11.121680 34.525463 0.009955 0.000009131   394   398   180   186
-164.760 54.493 -11.115475 34.561310 0.010645 0.000033259   390   394   186   192
-164.759 54.490 -11.116291 34.554340 0.010384 0.000013180   394   398   186   192
-164.782 54.470 -11.138638 34.422733 0.007927 0.000000686   398   429   144   192
-164.854 54.449 -11.201569 34.079727 0.003592 0.000005963   429   436    96   108
-164.854 54.444 -11.203107 34.067425 0.003924 0.000013236   436   444    96   108
-164.840 54.451 -11.190822 34.135498 0.003629 0.000012699   429   436   108   120
-164.843 54.440 -11.192334 34.123219 0.002955 0.000021462   436   444   108   120
-164.849 54.435 -11.204705 34.054707 0.002929 0.000337738   444   452    96   108
-164.848 54.426 -11.206363 34.041615 0.004074 0.000213705   452   460    96   108
-164.843 54.434 -11.196316 34.099255 0.003623 0.000131745   444   448   108   114
-164.843 54.431 -11.197122 34.092903 0.003049 0.000025836   448   452   108   114
-164.838 54.435 -11.190762 34.128006 0.003922 0.000018436   444   448   114   120
-164.838 54.431 -11.191566 34.121643 0.003251 0.000014767   448   452   114   120
-164.840 54.424 -11.195587 34.097393 0.003023 0.000006596   452   460   108   120
-164.831 54.451 -11.182368 34.180477 0.005023 0.000044922   429   432   120   126
-164.830 54.448 -11.183072 34.174900 0.004306 0.000029430   432   436   120   126
-164.825 54.453 -11.177161 34.207779 0.005371 0.000033834   429   432   126   132
-164.825 54.448 -11.177770 34.202583 0.004217 0.000018839   432   436   126   132
-164.830 54.444 -11.183937 34.167877 0.003850 0.000024132   436   440   120   126
-164.831 54.439 -11.184752 34.161407 0.003145 0.000035403   440   444   120   126
-164.825 54.444 -11.178555 34.195919 0.003459 0.000022037   436   440   126   132
-164.825 54.439 -11.179364 34.189388 0.003603 0.000022133   440   444   126   132
-164.815 54.449 -11.169316 34.247822 0.005711 0.000012859   429   436   132   144
-164.815 54.442 -11.170810 34.235226 0.004136 0.000003749   436   444   132   144
-164.821 54.428 -11.178658 34.187450 0.003981 0.000001636   444   460   120   144
-164.815 54.416 -11.194098 34.094391 0.003268 0.000012132   460   491    96   144
-164.782 54.437 -11.144873 34.367924 0.005840 0.000000797   429   460   144   192
-164.802 54.415 -11.164843 34.252388 0.004367 0.000011224   460   467   144   156
-164.801 54.410 -11.166203 34.240940 0.003204 0.000008974   467   475   144   156
-164.788 54.415 -11.154186 34.307579 0.004249 0.000007757   460   467   156   168
-164.788 54.407 -11.155628 34.295635 0.002894 0.000006841   467   475   156   168
-164.787 54.402 -11.163379 34.248951 0.002721 0.000025246   475   491   144   168
-164.769 54.411 -11.138729 34.385212 0.004229 0.000002134   460   475   168   192
-164.763 54.401 -11.141842 34.360065 0.002581 0.000007296   475   491   168   192
-164.740 54.645 -11.074078 34.817085 0.001065 0.000012159   245   260   192   216
-164.748 54.635 -11.081755 34.775471 0.002549 0.000019505   260   267   192   204
-164.752 54.629 -11.085486 34.755032 0.002659 0.000035282   267   271   192   198
-164.752 54.625 -11.086364 34.749508 0.003863 0.000036957   271   275   192   198
-164.746 54.629 -11.080075 34.782784 0.003408 0.000027346   267   271   198   204
-164.746 54.625 -11.080925 34.777546 0.004446 0.000013827   271   275   198   204
-164.735 54.634 -11.070839 34.831223 0.003570 0.000010030   260   267   204   216
-164.736 54.627 -11.072379 34.821850 0.004151 0.000004160   267   275   204   216
-164.723 54.651 -11.057231 34.903271 0.001629 0.000012059   245   252   216   228
-164.725 54.646 -11.061123 34.882534 0.002689 0.000030339   252   256   216   222
-164.725 54.640 -11.061951 34.877605 0.003334 0.000089505   256   260   216   222
-164.719 54.646 -11.055523 34.910995 0.002334 0.000030399   252   256   222   228
-164.719 54.641 -11.056362 34.906033 0.002444 0.000026882   256   260   222   228
-164.710 54.652 -11.046332 34.958439 0.001628 0.000006434   245   252   228   240
-164.710 54.644 -11.047894 34.949463 0.002224 0.000005475   252   260   228   240
-164.716 54.630 -11.055576 34.908623 0.004307 0.000002430   260   275   216   240
-164.742 54.614 -11.080106 34.781048 0.005263 0.000002319   275   290   192   216
-164.742 54.598 -11.083179 34.766296 0.007056 0.000001073   290   306   192   216
-164.716 54.614 -11.058572 34.892544 0.005398 0.000001489   275   290   216   240
-164.723 54.602 -11.066152 34.854961 0.006506 0.000003187   290   298   216   228
-164.726 54.595 -11.070190 34.834774 0.007125 0.000007551   298   302   216   222
-164.726 54.591 -11.070823 34.832077 0.007516 0.000019194   302   306   216   222
-164.719 54.595 -11.064614 34.864109 0.007194 0.000011889   298   302   222   228
-164.719 54.591 -11.065413 34.860622 0.007253 0.000009614   302   306   222   228
-164.710 54.602 -11.055463 34.910812 0.006396 0.000002412   290   298   228   240
-164.713 54.595 -11.059371 34.891666 0.007147 0.000026626   298   302   228   234
-164.714 54.592 -11.060173 34.888275 0.007294 0.000080239   302   306   228   234
-164.708 54.596 -11.054957 34.914722 0.006759 0.000021493   298   300   234   237
-164.707 54.594 -11.055348 34.913059 0.006940 0.000024103   300   302   234   237
-164.705 54.595 -11.052577 34.927013 0.006494 0.000034779   298   300   237   240
-164.704 54.593 -11.052974 34.925369 0.007236 0.000015967   300   302   237   240
-164.708 54.592 -11.054760 34.916737 0.006880 0.000023380   302   306   234   240
-164.696 54.652 -11.035644 35.012177 0.001470 0.000006602   245   252   240   252
-164.696 54.644 -11.037114 35.003620 0.001684 0.000004958   252   260   240   252
-164.684 54.651 -11.024881 35.066071 0.001184 0.000008791   245   252   252   264
-164.683 54.644 -11.026416 35.056976 0.001454 0.000005829   252   260   252   264
-164.696 54.635 -11.038630 34.994881 0.002652 0.000008281   260   267   240   252
-164.696 54.627 -11.040047 34.986584 0.004861 0.000006035   267   275   240   252
-164.684 54.635 -11.027941 35.047947 0.001819 0.000009278   260   267   252   264
-164.683 54.627 -11.029437 35.039089 0.003550 0.000005422   267   275   252   264
-164.663 54.646 -11.009548 35.141914 0.001079 0.000003921   245   260   264   288
-164.670 54.635 -11.017098 35.101795 0.001723 0.000007052   260   267   264   276
-164.670 54.627 -11.018582 35.092785 0.002436 0.000004878   267   275   264   276
-164.657 54.635 -11.006422 35.154827 0.001772 0.000009072   260   267   276   288
-164.657 54.627 -11.007922 35.145550 0.002377 0.000008016   267   275   276   288
-164.696 54.618 -11.041549 34.978241 0.004927 0.000002822   275   282   240   252
-164.700 54.613 -11.045381 34.959980 0.005387 0.000006089   282   286   240   246
-164.700 54.609 -11.046096 34.957047 0.005571 0.000009976   286   290   240   246
-164.693 54.613 -11.039898 34.986862 0.004973 0.000008711   282   286   246   252
-164.693 54.610 -11.040694 34.983425 0.005034 0.000020598   286   290   246   252
-164.683 54.618 -11.030962 35.030373 0.004211 0.000003625   275   282   252   264
-164.683 54.612 -11.032455 35.023540 0.004765 0.000004878   282   290   252   264
-164.695 54.602 -11.040088 34.987534 0.005878 0.000046375   290   306   240   264
-164.663 54.615 -11.015539 35.106392 0.003579 0.000002040   275   290   264   288
-164.667 54.604 -11.023198 35.069279 0.004922 0.000021868   290   298   264   276
-164.669 54.593 -11.024802 35.061829 0.005790 0.000024455   298   306   264   276
-164.656 54.603 -11.012413 35.121761 0.004773 0.000006368   290   298   276   288
-164.655 54.593 -11.013957 35.114239 0.005790 0.000011759   298   306   276   288
-164.749 54.584 -11.090807 34.726986 0.008171 0.000003158   306   313   192   204
-164.749 54.577 -11.092335 34.717922 0.008890 0.000004269   313   321   192   204
-164.739 54.588 -11.082160 34.772633 0.007860 0.000007610   306   309   204   210
-164.739 54.583 -11.082883 34.769131 0.008163 0.000006587   309   313   204   210
-164.733 54.588 -11.077092 34.799473 0.007546 0.000030139   306   309   210   216
-164.733 54.583 -11.077805 34.796040 0.008305 0.000017449   309   313   210   216
-164.739 54.579 -11.083707 34.764114 0.008629 0.000013133   313   317   204   210
-164.739 54.574 -11.084559 34.758881 0.009175 0.000010293   317   321   204   210
-164.734 54.580 -11.079921 34.784389 0.008761 0.000020375   313   315   210   213
-164.734 54.578 -11.079991 34.783691 0.008855 0.000040349   315   317   210   213
-164.730 54.580 -11.076879 34.800541 0.008713 0.000042111   313   315   213   216
-164.730 54.577 -11.077296 34.798061 0.009277 0.000029299   315   317   213   216
-164.734 54.574 -11.079318 34.786732 0.009260 0.000019898   317   321   210   216
-164.749 54.568 -11.093913 34.708057 0.009314 0.000003194   321   329   192   204
-164.749 54.559 -11.095418 34.698578 0.009409 0.000003893   329   337   192   204
-164.739 54.570 -11.085364 34.753887 0.009139 0.000010447   321   325   204   210
-164.739 54.566 -11.086174 34.748890 0.009757 0.000012477   325   329   204   210
-164.733 54.570 -11.080119 34.781757 0.009404 0.000008980   321   325   210   216
-164.733 54.566 -11.080935 34.776779 0.009596 0.000007641   325   329   210   216
-164.739 54.561 -11.086980 34.743900 0.009626 0.000008775   329   333   204   210
-164.741 54.558 -11.089111 34.732052 0.009131 0.000038447   333   335   204   207
-164.741 54.555 -11.089519 34.729549 0.010285 0.000140407   335   337   204   207
-164.737 54.558 -11.086060 34.748260 0.009636 0.000085000   333   335   207   210
-164.736 54.555 -11.086472 34.745766 0.010206 0.000078245   335   337   207   210
-164.733 54.561 -11.081738 34.771801 0.009938 0.000014700   329   333   210   216
-164.724 54.583 -11.064653 34.865246 0.008238 0.000018223   306   321   216   240
-164.723 54.567 -11.067737 34.846691 0.009770 0.000022649   321   337   216   240
-164.752 54.552 -11.099385 34.676376 0.009376 0.000016068   337   340   192   198
-164.752 54.549 -11.100075 34.672047 0.009819 0.000012434   340   344   192   198
-164.748 54.554 -11.094981 34.700024 0.009591 0.000003033   337   338   198   201
-164.748 54.552 -11.095245 34.698349 0.009991 0.000129986   338   340   198   201
-164.745 54.551 -11.092560 34.712769 0.010463 0.000034158   338   340   201   204
-164.748 54.550 -11.095647 34.695843 0.010144 0.000060928   340   342   198   201
-164.748 54.548 -11.096039 34.693333 0.010580 0.000079132   342   344   198   201
-164.743 54.549 -11.092946 34.710266 0.010806 0.000040723   340   342   201   204
-164.752 54.545 -11.100758 34.666828 0.010248 0.000023022   344   348   192   198
-164.752 54.540 -11.101548 34.660549 0.011136 0.000017219   348   352   192   198
-164.746 54.545 -11.095321 34.695923 0.011012 0.000023150   344   348   198   204
-164.746 54.540 -11.096059 34.689877 0.011641 0.000017184   348   352   198   204
-164.738 54.554 -11.088535 34.734283 0.010519 0.000037827   337   340   204   210
-164.740 54.550 -11.090576 34.722889 0.010587 0.000035454   340   342   204   207
-164.738 54.549 -11.087550 34.739109 0.010830 0.000012903   340   342   207   210
-164.740 54.540 -11.087794 34.735077 0.011593 0.000031288   344   352   204   216
-164.752 54.536 -11.102348 34.654041 0.010972 0.000008213   352   356   192   198
-164.752 54.532 -11.103199 34.647266 0.011132 0.000009843   356   360   192   198
-164.747 54.536 -11.096775 34.683830 0.011343 0.000012449   352   356   198   204
-164.747 54.533 -11.097614 34.677155 0.011615 0.000083073   356   360   198   204
-164.749 54.528 -11.101659 34.652252 0.011734 0.000098315   360   368   192   204
-164.740 54.535 -11.089372 34.722393 0.012095 0.000064393   352   360   204   216
-164.656 54.584 -11.034015 35.015945 0.006624 0.000075922   306   337   240   288
-164.636 54.646 -10.988031 35.249397 0.001375 0.000003275   245   260   288   312
-164.637 54.632 -10.991036 35.230156 0.001864 0.000002202   260   275   288   312
-164.618 54.644 -10.966509 35.356987 -0.000238 0.000017465   245   260   312   336
-164.620 54.635 -10.974160 35.315178 0.001583 0.000014278   260   267   312   324
-164.617 54.627 -10.975720 35.304935 0.001824 0.000007525   267   275   312   324
-164.602 54.634 -10.963340 35.368923 -0.001413 0.000014512   260   267   324   336
-164.603 54.627 -10.964824 35.358891 -0.000564 0.000007253   267   275   324   336
-164.637 54.614 -10.994043 35.211975 0.002502 0.000002334   275   290   288   312
-164.644 54.602 -11.001794 35.173420 0.003828 0.000006513   290   298   288   300
-164.644 54.594 -11.003385 35.165371 0.006072 0.000009425   298   306   288   300
-164.631 54.602 -10.990941 35.226227 0.004343 0.000004740   290   298   300   312
-164.629 54.594 -10.992557 35.217686 0.005696 0.000008743   298   306   300   312
-164.611 54.615 -10.972605 35.317265 0.001709 0.000002869   275   290   312   336
-164.611 54.598 -10.975693 35.299854 0.002808 0.000003207   290   306   312   336
-164.566 54.636 -10.935353 35.510647 -0.000559 0.000001223   245   275   336   385
-164.584 54.614 -10.951095 35.423271 0.000802 0.000001339   275   290   336   360
-164.584 54.598 -10.954192 35.404400 0.001200 0.000002310   290   306   336   360
-164.557 54.614 -10.929131 35.535358 0.000017 0.000001491   275   290   360   385
-164.565 54.602 -10.937266 35.490005 0.000000 0.000006203   290   298   360   372
-164.565 54.593 -10.938853 35.479401 0.001007 0.000010309   298   306   360   372
-164.551 54.602 -10.926087 35.546509 -0.000767 0.000003799   290   298   372   385
-164.552 54.593 -10.927683 35.535156 -0.001694 0.000009465   298   306   372   385
-164.609 54.583 -10.991100 35.223515 0.003717 0.000015811   306   337   288   336
-164.583 54.581 -10.957282 35.386616 0.001452 0.000003619   306   321   336   360
-164.580 54.567 -10.960361 35.372646 0.002530 0.000005006   321   337   336   360
-164.565 54.584 -10.940438 35.468987 0.000993 0.000012596   306   313   360   372
-164.565 54.577 -10.941933 35.461243 -0.000022 0.000013178   313   321   360   372
-164.553 54.585 -10.929200 35.524372 -0.001833 0.000018471   306   313   372   385
-164.552 54.577 -10.930655 35.516304 -0.001388 0.000007588   313   321   372   385
-164.565 54.568 -10.943532 35.453812 0.001389 0.000007630   321   329   360   372
-164.566 54.561 -10.945175 35.446156 0.002382 0.000011568   329   337   360   372
-164.551 54.568 -10.932230 35.508537 -0.000672 0.000004588   321   329   372   385
-164.548 54.561 -10.933894 35.500328 -0.000237 0.000011969   329   337   372   385
-164.547 54.544 -10.953909 35.401268 0.000131 0.000008723   337   368   336   385
-164.750 54.491 -11.089369 34.706902 0.011677 0.000011391   368   398   192   240
-164.752 54.485 -11.111459 34.577911 0.011086 0.000021679   398   401   192   198
-164.753 54.483 -11.113358 34.565849 0.010285 0.000080770   401   403   192   195
-164.754 54.481 -11.113765 34.562363 0.010111 0.000029029   403   405   192   195
-164.751 54.482 -11.110657 34.580280 0.009951 0.000042378   401   403   195   198
-164.748 54.485 -11.106205 34.606064 0.011098 0.000056750   398   401   198   204
-164.748 54.483 -11.106992 34.599270 0.010347 0.000085017   401   405   198   204
-164.753 54.478 -11.112988 34.564564 0.009834 0.000021591   405   409   192   198
-164.754 54.473 -11.113692 34.557983 0.009548 0.000022430   409   413   192   198
-164.748 54.479 -11.107806 34.592281 0.009964 0.000008447   405   409   198   204
-164.752 54.468 -11.114512 34.550335 0.009398 0.000025038   413   417   192   198
-164.752 54.465 -11.115326 34.542690 0.008873 0.000014448   417   421   192   198
-164.746 54.468 -11.109459 34.577236 0.009332 0.000043318   413   417   198   204
-164.746 54.465 -11.110284 34.569500 0.008709 0.000010146   417   421   198   204
-164.749 54.458 -11.114090 34.544079 0.007793 0.000005227   421   429   192   204
-164.741 54.467 -11.105118 34.599491 0.008265 0.000012441   415   417   204   207
-164.737 54.467 -11.103093 34.610241 0.008314 0.000013369   415   417   207   210
-164.739 54.465 -11.104720 34.598988 0.008435 0.000011642   417   421   204   210
-164.734 54.468 -11.098338 34.636417 0.008939 0.000059218   413   417   210   216
-164.733 54.465 -11.099164 34.628475 0.008289 0.000017347   417   421   210   216
-164.736 54.458 -11.103223 34.601498 0.007335 0.000004566   421   429   204   216
-164.726 54.468 -11.093292 34.663319 0.008617 0.000098397   413   417   216   222
-164.726 54.465 -11.094115 34.655285 0.008405 0.000008838   417   421   216   222
-164.722 54.464 -11.088565 34.684772 0.008778 0.000063370   417   421   222   228
-164.723 54.458 -11.092610 34.657589 0.007975 0.000004236   421   429   216   228
-164.714 54.464 -11.080112 34.731457 0.009247 0.000185608   413   421   228   240
-164.714 54.459 -11.083833 34.706020 0.008580 0.000017664   421   425   228   234
-164.713 54.456 -11.084695 34.697433 0.007939 0.000005827   425   429   228   234
-164.707 54.459 -11.078781 34.732609 0.008622 0.000053317   421   425   234   240
-164.706 54.456 -11.079650 34.723938 0.007968 0.000010088   425   429   234   240
-164.697 54.456 -11.052567 34.874813 0.007611 0.000013799   398   429   240   288
-164.729 54.437 -11.101876 34.592064 0.006050 0.000000711   429   460   192   240
-164.742 54.411 -11.117293 34.496174 0.003903 0.000002410   460   475   192   216
-164.743 54.399 -11.120433 34.470554 0.002938 0.000002685   475   491   192   216
-164.723 54.415 -11.100303 34.586868 0.004433 0.000009321   460   467   216   228
-164.723 54.407 -11.101795 34.574017 0.003157 0.000009877   467   475   216   228
-164.710 54.415 -11.089643 34.642071 0.005277 0.000013053   460   467   228   240
-164.710 54.407 -11.091178 34.628918 0.002543 0.000012754   467   475   228   240
-164.720 54.402 -11.098892 34.581680 0.003072 0.000024447   475   491   216   240
-164.696 54.449 -11.072522 34.754265 0.006670 0.000004122   429   436   240   252
-164.696 54.442 -11.074005 34.739044 0.006323 0.000003246   436   444   240   252
-164.684 54.448 -11.061943 34.807720 0.006680 0.000005538   429   436   252   264
-164.683 54.442 -11.063412 34.792477 0.006297 0.000003272   436   444   252   264
-164.690 54.428 -11.071147 34.743980 0.005291 0.000001795   444   460   240   264
-164.670 54.448 -11.051095 34.862640 0.005974 0.000006931   429   436   264   276
-164.670 54.442 -11.052655 34.846756 0.005559 0.000004423   436   444   264   276
-164.658 54.447 -11.040248 34.917580 0.005679 0.000009162   429   436   276   288
-164.657 54.442 -11.041854 34.901249 0.005088 0.000004089   436   444   276   288
-164.663 54.428 -11.049690 34.852234 0.004670 0.000001343   444   460   264   288
-164.690 54.412 -11.074269 34.717121 0.003329 0.000003136   460   475   240   264
-164.686 54.401 -11.077389 34.691196 0.002326 0.000007216   475   491   240   264
-164.663 54.411 -11.052857 34.825081 0.003330 0.000001932   460   475   264   288
-164.661 54.398 -11.056020 34.799171 0.002417 0.000002409   475   491   264   288
-164.546 54.474 -10.984659 35.227173 0.002905 0.000071660   368   429   288   385
-164.643 54.447 -11.029656 34.971199 0.004904 0.000031921   429   436   288   300
-164.644 54.442 -11.031296 34.954563 0.004610 0.000003460   436   444   288   300
-164.633 54.447 -11.018858 35.025764 0.004724 0.000024365   429   436   300   312
-164.631 54.442 -11.020450 35.009399 0.004462 0.000004146   436   444   300   312
-164.637 54.428 -11.028262 34.960361 0.003775 0.000001619   444   460   288   312
-164.611 54.440 -11.003605 35.098408 0.003705 0.000008466   429   444   312   336
-164.617 54.433 -11.011272 35.048878 0.003965 0.000009922   444   452   312   324
-164.617 54.424 -11.012910 35.034924 0.003473 0.000006993   452   460   312   324
-164.604 54.433 -11.000672 35.102375 0.002812 0.000009950   444   452   324   336
-164.604 54.424 -11.002267 35.088604 0.002581 0.000012626   452   460   324   336
-164.637 54.411 -11.031405 34.933250 0.002836 0.000002183   460   475   288   312
-164.639 54.398 -11.034513 34.907898 0.001778 0.000003580   475   491   288   312
-164.617 54.416 -11.014418 35.021881 0.003227 0.000012100   460   467   312   324
-164.617 54.407 -11.016009 35.008354 0.002179 0.000009065   467   475   312   324
-164.604 54.415 -11.003688 35.076046 0.002280 0.000017721   460   467   324   336
-164.605 54.407 -11.005277 35.062458 0.002044 0.000013755   467   475   324   336
-164.615 54.400 -11.013016 35.016567 0.001657 0.000009762   475   491   312   336
-164.583 54.443 -10.982118 35.206680 0.003040 0.000005303   429   444   336   360
-164.584 54.428 -10.985298 35.176960 0.002402 0.000003752   444   460   336   360
-164.559 54.444 -10.960263 35.314804 0.002305 0.000005033   429   444   360   385
-164.559 54.428 -10.963449 35.286049 0.002741 0.000007254   444   460   360   385
-164.576 54.413 -10.978936 35.192993 0.002059 0.000001797   460   491   336   385
-164.430 54.834 -10.786815 36.327820 -0.000428 0.000000215     0   122   385   577
-164.512 54.773 -10.866891 35.904697 -0.001234 0.000000962   122   152   385   433
-164.530 54.749 -10.882197 35.821571 -0.000739 0.000002109   152   167   385   409
-164.530 54.734 -10.885346 35.798920 -0.000015 0.000002630   167   183   385   409
-164.504 54.749 -10.860682 35.927849 0.000343 0.000002822   152   167   409   433
-164.504 54.733 -10.863835 35.906887 0.000549 0.000002345   167   183   409   433
-164.465 54.774 -10.823858 36.115349 -0.001052 0.000000427   122   152   433   481
-164.485 54.755 -10.843748 36.012486 -0.000398 0.000010211   152   159   433   445
-164.485 54.746 -10.845264 36.003063 -0.000178 0.000011983   159   167   433   445
-164.472 54.754 -10.833021 36.065254 -0.001946 0.000010043   152   159   445   457
-164.472 54.746 -10.834468 36.056564 -0.001947 0.000007735   159   167   445   457
-164.478 54.733 -10.842308 36.014919 -0.000303 0.000002638   167   183   433   457
-164.451 54.750 -10.817663 36.140049 -0.001636 0.000001756   152   167   457   481
-164.454 54.733 -10.820827 36.122112 -0.002388 0.000004161   167   183   457   481
-164.518 54.705 -10.879376 35.819359 -0.000049 0.000000761   183   214   385   433
-164.531 54.681 -10.894837 35.730896 0.000252 0.000002380   214   229   385   409
-164.531 54.665 -10.898002 35.707264 0.000675 0.000002151   229   245   385   409
-164.511 54.685 -10.877916 35.818707 -0.000575 0.000005243   214   221   409   421
-164.511 54.678 -10.879373 35.807419 -0.000093 0.000005490   221   229   409   421
-164.498 54.687 -10.867152 35.873283 -0.001822 0.000005544   214   221   421   433
-164.499 54.678 -10.868660 35.861591 -0.001748 0.000006621   221   229   421   433
-164.504 54.665 -10.876495 35.815491 -0.000494 0.000002358   229   245   409   433
-164.478 54.715 -10.845493 35.993999 -0.000374 0.000001964   183   198   433   457
-164.478 54.699 -10.848653 35.972286 -0.001600 0.000004446   198   214   433   457
-164.458 54.715 -10.823981 36.101959 -0.002318 0.000004975   183   198   457   481
-164.452 54.699 -10.827141 36.080463 -0.002702 0.000003734   198   214   457   481
-164.475 54.681 -10.851810 35.948822 -0.003888 0.000006839   214   229   433   457
-164.479 54.665 -10.854976 35.923859 -0.003418 0.000004213   229   245   433   457
-164.453 54.683 -10.830300 36.056934 -0.004570 0.000003534   214   229   457   481
-164.464 54.671 -10.833457 36.031601 -0.004825 0.000034448   229   245   457   481
-164.413 54.775 -10.780846 36.325901 -0.001179 0.000000766   122   152   481   529
-164.418 54.746 -10.787072 36.288113 -0.001033 0.000001031   152   183   481   529
-164.364 54.774 -10.737863 36.536312 -0.000067 0.000000679   122   152   529   577
-164.374 54.752 -10.753201 36.455132 -0.000753 0.000007155   152   167   529   553
-164.366 54.730 -10.756351 36.436329 -0.003451 0.000013665   167   183   529   553
-164.348 54.750 -10.731700 36.560196 -0.000736 0.000005593   152   167   553   577
-164.347 54.732 -10.734859 36.540989 -0.002415 0.000004708   167   183   553   577
-164.429 54.717 -10.807015 36.186291 -0.003179 0.000055127   183   190   481   493
-164.430 54.708 -10.808492 36.176098 -0.003254 0.000088815   190   198   481   493
-164.420 54.722 -10.796329 36.238300 -0.001790 0.000168494   183   190   493   505
-164.418 54.708 -10.797936 36.227348 -0.004657 0.000024090   190   198   493   505
-164.425 54.699 -10.805644 36.185081 -0.004628 0.000004744   198   214   481   505
-164.396 54.713 -10.780989 36.311188 -0.004317 0.000004125   183   198   505   529
-164.401 54.702 -10.784162 36.289303 -0.005682 0.000004893   198   214   505   529
-164.429 54.687 -10.808794 36.161873 -0.004973 0.000020826   214   229   481   505
-164.431 54.660 -10.818273 36.103794 -0.006325 0.000014370   237   245   481   493
-164.416 54.667 -10.805753 36.169884 -0.006715 0.000022717   229   237   493   505
-164.419 54.660 -10.807426 36.157017 -0.007146 0.000006593   237   245   493   505
-164.395 54.681 -10.787363 36.266159 -0.007805 0.000422873   214   229   505   529
-164.406 54.667 -10.795133 36.221905 -0.007669 0.000020590   229   237   505   517
-164.406 54.660 -10.796757 36.209381 -0.007016 0.000007330   237   245   505   517
-164.392 54.668 -10.784325 36.274773 -0.006684 0.000006425   229   237   517   529
-164.393 54.660 -10.786003 36.262222 -0.006636 0.000005980   237   245   517   529
-164.375 54.713 -10.759512 36.415535 -0.003788 0.000003414   183   198   529   553
-164.379 54.703 -10.767297 36.372822 -0.004359 0.000004814   198   206   529   541
-164.376 54.694 -10.768975 36.361263 -0.005012 0.000011298   206   214   529   541
-164.367 54.704 -10.756416 36.425690 -0.004030 0.000007789   198   206   541   553
-164.366 54.694 -10.758115 36.413898 -0.005065 0.000002823   206   214   541   553
-164.351 54.718 -10.742600 36.499516 -0.004077 0.000034382   183   190   553   565
-164.354 54.712 -10.744210 36.488365 -0.003793 0.000009558   190   198   553   565
-164.340 54.719 -10.731776 36.552113 -0.002704 0.000022309   183   190   565   577
-164.341 54.714 -10.733330 36.541260 -0.002938 0.000026480   190   198   565   577
-164.358 54.706 -10.748180 36.466518 -0.003476 0.000014214   198   202   553   559
-164.358 54.699 -10.749001 36.460815 -0.004285 0.000018084   202   206   553   559
-164.352 54.706 -10.742733 36.492939 -0.003375 0.000083032   198   202   559   565
-164.347 54.699 -10.743472 36.487633 -0.003151 0.000057921   202   206   559   565
-164.353 54.694 -10.747457 36.465656 -0.004671 0.000004251   206   214   553   565
-164.344 54.700 -10.735008 36.529552 -0.003384 0.000055071   198   206   565   577
-164.340 54.694 -10.736657 36.518044 -0.003824 0.000004716   206   214   565   577
-164.376 54.685 -10.770465 36.350540 -0.006175 0.000011515   214   221   529   541
-164.383 54.680 -10.774365 36.328594 -0.006494 0.000030364   221   225   529   535
-164.383 54.677 -10.775154 36.322659 -0.006818 0.000041583   225   229   529   535
-164.376 54.680 -10.768798 36.355785 -0.006459 0.000025003   221   225   535   541
-164.376 54.677 -10.769666 36.349392 -0.007517 0.000040028   225   229   535   541
-164.366 54.685 -10.759666 36.402962 -0.005942 0.000005150   214   221   541   553
-164.366 54.679 -10.761235 36.391605 -0.007157 0.000005723   221   229   541   553
-164.383 54.671 -10.775929 36.316814 -0.006480 0.000017081   229   233   529   535
-164.383 54.667 -10.776756 36.310764 -0.006963 0.000018407   233   237   529   535
-164.378 54.671 -10.770450 36.343594 -0.007263 0.000321926   229   233   535   541
-164.376 54.665 -10.771225 36.337795 -0.006524 0.000025079   233   237   535   541
-164.379 54.660 -10.775168 36.315464 -0.006138 0.000007794   237   245   529   541
-164.365 54.668 -10.762935 36.379349 -0.007321 0.000014167   229   237   541   553
-164.366 54.660 -10.764572 36.367470 -0.006390 0.000007819   237   245   541   553
-164.347 54.681 -10.744416 36.475163 -0.005079 0.000003468   214   229   553   577
-164.352 54.669 -10.752063 36.432529 -0.007215 0.000009356   229   237   553   565
-164.353 54.660 -10.753738 36.420635 -0.005826 0.000012735   237   245   553   565
-164.340 54.669 -10.741452 36.484478 -0.004478 0.000007102   229   237   565   577
-164.340 54.660 -10.743070 36.472973 -0.004149 0.000004067   237   245   565   577
-164.306 54.866 -10.651464 36.995106 -0.000756 0.000008388     0    61   577   673
-164.304 54.815 -10.664042 36.910614 -0.001010 0.000002361    61   122   577   673
-164.141 54.874 -10.565021 37.408100 -0.000588 0.000003729     0    61   673   770
-164.189 54.833 -10.596366 37.242119 0.000297 0.000003178    61    91   673   721
-164.220 54.810 -10.611769 37.159874 0.001680 0.000051535    91   106   673   697
-164.217 54.800 -10.614964 37.139526 0.000984 0.000003033   106   122   673   697
-164.185 54.818 -10.590276 37.265526 0.001173 0.000004953    91   106   697   721
-164.195 54.803 -10.597924 37.224537 0.000981 0.000014115   106   114   697   709
-164.195 54.795 -10.599635 37.214012 0.000920 0.000015571   114   122   697   709
-164.182 54.804 -10.587338 37.277576 0.001888 0.000013592   106   114   709   721
-164.182 54.795 -10.588922 37.267933 0.002171 0.000009121   114   122   709   721
-164.161 54.849 -10.562574 37.408894 0.000291 0.000004410    61    76   721   745
-164.162 54.833 -10.565686 37.390404 0.001085 0.000001622    76    91   721   745
-164.141 54.850 -10.540634 37.515938 0.000225 0.000007038    61    76   745   770
-164.136 54.833 -10.543735 37.498413 0.001593 0.000001230    76    91   745   770
-164.162 54.817 -10.568768 37.372490 0.001018 0.000002954    91   106   721   745
-164.161 54.800 -10.571960 37.353947 0.002745 0.000003346   106   122   721   745
-164.136 54.817 -10.546824 37.481575 0.001566 0.000001485    91   106   745   770
-164.136 54.800 -10.550014 37.464149 0.002528 0.000001830   106   122   745   770
-164.306 54.767 -10.694875 36.745953 0.000208 0.000004271   122   152   577   625
-164.318 54.749 -10.710215 36.664902 -0.000186 0.000006103   152   167   577   601
-164.321 54.732 -10.713367 36.645367 -0.001711 0.000005377   167   183   577   601
-164.295 54.750 -10.688723 36.769207 0.000586 0.000003624   152   167   601   625
-164.293 54.735 -10.691936 36.748997 -0.000360 0.000006537   167   183   601   625
-164.240 54.769 -10.651903 36.954529 0.001665 0.000005362   122   152   625   673
-164.269 54.750 -10.667270 36.873291 -0.000830 0.000011688   152   167   625   649
-164.268 54.732 -10.670479 36.852749 -0.000370 0.000002978   167   183   625   649
-164.238 54.750 -10.645812 36.977432 0.001556 0.000008336   152   167   649   673
-164.248 54.737 -10.653525 36.936131 0.000096 0.000024549   167   175   649   661
-164.249 54.728 -10.655117 36.925671 -0.000312 0.000016380   175   183   649   661
-164.234 54.737 -10.642830 36.987865 0.002000 0.000044949   167   175   661   673
-164.236 54.728 -10.644494 36.977047 0.001266 0.000060858   175   183   661   673
-164.325 54.719 -10.716585 36.623844 -0.002322 0.000005408   183   198   577   601
-164.321 54.699 -10.724320 36.581284 -0.002876 0.000016268   198   206   577   589
-164.327 54.694 -10.725890 36.570110 -0.002799 0.000004913   206   214   577   589
-164.318 54.699 -10.713580 36.633015 -0.002178 0.000102054   198   206   589   601
-164.314 54.694 -10.715274 36.621120 -0.001506 0.000006755   206   214   589   601
-164.282 54.708 -10.695133 36.727303 0.001301 0.000097769   183   198   601   625
-164.293 54.699 -10.698293 36.704731 -0.000808 0.000003853   198   214   601   625
-164.327 54.687 -10.727388 36.559551 -0.003465 0.000004041   214   221   577   589
-164.327 54.678 -10.728981 36.548523 -0.003010 0.000003503   221   229   577   589
-164.314 54.687 -10.716829 36.610302 -0.002376 0.000009206   214   221   589   601
-164.317 54.680 -10.720637 36.589581 -0.002954 0.000015440   221   225   589   595
-164.317 54.676 -10.721531 36.583492 -0.002901 0.000018323   225   229   589   595
-164.310 54.680 -10.715213 36.615765 -0.002635 0.000042378   221   225   595   601
-164.310 54.676 -10.715976 36.610252 -0.001550 0.000023182   225   229   595   601
-164.327 54.669 -10.730629 36.537128 -0.003309 0.000001674   229   237   577   589
-164.330 54.662 -10.734454 36.516006 -0.003531 0.000004730   237   241   577   583
-164.330 54.658 -10.735352 36.509892 -0.003292 0.000016219   241   245   577   583
-164.324 54.662 -10.729363 36.540623 -0.003313 0.000021307   237   241   583   589
-164.324 54.658 -10.730130 36.535091 -0.002502 0.000024014   241   245   583   589
-164.315 54.669 -10.719928 36.588665 -0.002233 0.000005698   229   237   589   601
-164.316 54.661 -10.721503 36.577656 -0.001515 0.000021271   237   245   589   601
-164.297 54.681 -10.701468 36.682472 -0.000786 0.000005322   214   229   601   625
-164.293 54.665 -10.704673 36.660511 -0.001131 0.000004886   229   245   601   625
-164.257 54.705 -10.664560 36.870796 -0.000171 0.000001010   183   214   625   673
-164.254 54.672 -10.670963 36.826031 0.000010 0.000000916   214   245   625   673
-164.200 54.774 -10.608941 37.164104 0.000475 0.000002100   122   152   673   721
-164.216 54.748 -10.624337 37.081684 0.002377 0.000005474   152   167   673   697
-164.215 54.733 -10.627519 37.060547 0.003088 0.000003071   167   183   673   697
-164.190 54.749 -10.602840 37.187458 0.001327 0.000005755   152   167   697   721
-164.188 54.732 -10.606034 37.165455 0.001556 0.000003323   167   183   697   721
-164.169 54.788 -10.579747 37.312386 0.003298 0.000009101   122   129   721   733
-164.170 54.780 -10.581349 37.302570 0.001938 0.000073592   129   137   721   733
-164.156 54.786 -10.568863 37.367069 0.003142 0.000008031   122   129   733   745
-164.155 54.779 -10.570472 37.357098 0.003400 0.000011127   129   137   733   745
-164.165 54.772 -10.582813 37.293499 0.002174 0.000149504   137   144   721   733
-164.171 54.761 -10.584325 37.284042 -0.001112 0.000026772   144   152   721   733
-164.154 54.771 -10.572055 37.347317 0.002200 0.000023379   137   144   733   745
-164.155 54.762 -10.573624 37.337494 0.003510 0.000010174   144   152   733   745
-164.137 54.782 -10.553216 37.444553 0.002507 0.000002283   122   137   745   770
-164.137 54.767 -10.556321 37.424847 0.002683 0.000003019   137   152   745   770
-164.163 54.750 -10.581359 37.293934 -0.000251 0.000008491   152   167   721   745
-164.170 54.736 -10.589125 37.250256 0.002040 0.000016282   167   175   721   733
-164.169 54.728 -10.590816 37.238277 0.002232 0.000005629   175   183   721   733
-164.157 54.738 -10.578342 37.303371 -0.000203 0.000019665   167   175   733   745
-164.156 54.728 -10.579988 37.291241 0.000786 0.000011044   175   183   733   745
-164.137 54.749 -10.559424 37.402718 0.003179 0.000004361   152   167   745   770
-164.136 54.733 -10.562664 37.378319 0.001174 0.000013592   167   183   745   770
-164.214 54.716 -10.630701 37.038128 0.002338 0.000006640   183   198   673   697
-164.216 54.699 -10.633932 37.014477 0.001217 0.000002925   198   214   673   697
-164.188 54.716 -10.609252 37.142372 0.002863 0.000003621   183   198   697   721
-164.197 54.703 -10.617076 37.098240 0.000940 0.000023317   198   206   697   709
-164.195 54.693 -10.618663 37.086300 0.001107 0.000009785   206   214   697   709
-164.181 54.703 -10.606235 37.151077 0.001514 0.000015828   198   206   709   721
-164.181 54.694 -10.607972 37.138287 0.001597 0.000007321   206   214   709   721
-164.205 54.671 -10.628049 37.032936 0.000775 0.000000720   214   245   673   721
-164.163 54.716 -10.587808 37.247017 0.001623 0.000004844   183   198   721   745
-164.165 54.701 -10.591018 37.222961 0.001865 0.000008486   198   214   721   745
-164.134 54.715 -10.565897 37.353909 0.001192 0.000005715   183   198   745   770
-164.143 54.704 -10.574018 37.307907 0.002058 0.000013341   198   206   745   757
-164.141 54.695 -10.575726 37.295139 0.002176 0.000024889   206   214   745   757
-164.128 54.703 -10.562984 37.361698 0.002318 0.000013169   198   206   757   770
-164.128 54.694 -10.564636 37.349075 0.002630 0.000009868   206   214   757   770
-164.158 54.681 -10.594222 37.199909 0.002222 0.000007307   214   229   721   745
-164.166 54.669 -10.601986 37.157734 0.001031 0.000040763   229   237   721   733
-164.169 54.661 -10.603699 37.146210 0.001181 0.000020114   237   245   721   733
-164.156 54.669 -10.591152 37.210163 0.001450 0.000016114   229   237   733   745
-164.155 54.660 -10.592847 37.198658 0.001826 0.000010030   237   245   733   745
-164.141 54.685 -10.577288 37.283802 0.002781 0.000010932   214   221   745   757
-164.143 54.678 -10.578915 37.272694 0.002874 0.000007721   221   229   745   757
-164.128 54.685 -10.566138 37.337921 0.002845 0.000009988   214   221   757   770
-164.128 54.678 -10.567623 37.327507 0.002929 0.000002281   221   229   757   770
-164.143 54.669 -10.580600 37.261215 0.001662 0.000007185   229   237   745   757
-164.143 54.660 -10.582191 37.250187 0.002627 0.000007079   237   245   745   757
-164.129 54.669 -10.569310 37.315838 0.003135 0.000011900   229   237   757   770
-164.128 54.660 -10.570986 37.304325 0.002426 0.000010521   237   245   757   770
-164.531 54.648 -10.901140 35.685833 0.000226 0.000002224   245   260   385   409
-164.531 54.630 -10.904141 35.668049 0.000506 0.000004138   260   275   385   409
-164.504 54.648 -10.879619 35.794548 -0.000183 0.000002516   245   260   409   433
-164.504 54.632 -10.882608 35.778496 -0.001196 0.000002819   260   275   409   433
-164.517 54.606 -10.898048 35.690563 -0.000328 0.000000703   275   306   385   433
-164.484 54.648 -10.858090 35.903248 -0.002496 0.000004680   245   260   433   457
-164.480 54.632 -10.861125 35.888695 -0.002307 0.000003810   260   275   433   457
-164.454 54.649 -10.841258 35.987629 -0.004203 0.000042079   245   252   457   469
-164.459 54.646 -10.845055 35.969204 -0.003781 0.000020647   252   256   457   463
-164.459 54.641 -10.845891 35.965481 -0.003431 0.000013451   256   260   457   463
-164.455 54.646 -10.839650 35.996334 -0.003653 0.000011559   252   256   463   469
-164.455 54.641 -10.840485 35.992676 -0.003512 0.000003713   256   260   463   469
-164.447 54.654 -10.832677 36.029949 -0.005723 0.000041769   245   248   469   475
-164.449 54.650 -10.833426 36.026432 -0.004355 0.000033434   248   252   469   475
-164.442 54.655 -10.827272 36.056503 -0.006796 0.000130400   245   248   475   481
-164.442 54.650 -10.828021 36.052856 -0.006882 0.000071797   248   252   475   481
-164.445 54.644 -10.831920 36.034210 -0.005137 0.000016748   252   260   469   481
-164.459 54.638 -10.846647 35.962097 -0.003393 0.000023998   260   263   457   463
-164.458 54.634 -10.847382 35.958866 -0.003435 0.000203152   263   267   457   463
-164.455 54.637 -10.841063 35.990242 -0.003391 0.000008637   260   263   463   469
-164.455 54.634 -10.841838 35.986835 -0.003530 0.000006365   263   267   463   469
-164.458 54.627 -10.845741 35.967915 -0.004197 0.000007857   267   275   457   469
-164.445 54.635 -10.833447 36.027252 -0.004084 0.000006844   260   267   469   481
-164.445 54.627 -10.834998 36.020145 -0.004054 0.000005453   267   275   469   481
-164.480 54.611 -10.864193 35.869900 -0.001479 0.000003741   275   290   433   457
-164.478 54.598 -10.867374 35.839977 -0.001144 0.000002110   290   306   433   457
-164.456 54.619 -10.847181 35.960815 -0.004004 0.000008578   275   282   457   469
-164.463 54.611 -10.851075 35.936634 -0.002429 0.000037249   282   286   457   463
-164.462 54.609 -10.851852 35.928463 -0.002217 0.000009287   286   290   457   463
-164.453 54.613 -10.845531 35.964668 -0.004136 0.000038706   282   286   463   469
-164.455 54.609 -10.846408 35.955753 -0.003432 0.000025247   286   290   463   469
-164.445 54.618 -10.836519 36.012459 -0.004720 0.000006270   275   282   469   481
-164.445 54.611 -10.838071 35.998203 -0.004435 0.000004488   282   290   469   481
-164.458 54.602 -10.850334 35.929775 -0.002761 0.000004437   290   298   457   469
-164.458 54.593 -10.852009 35.912933 -0.002386 0.000010586   298   306   457   469
-164.445 54.602 -10.839783 35.981205 -0.003273 0.000007730   290   298   469   481
-164.444 54.593 -10.841380 35.965042 -0.002269 0.000010160   298   306   469   481
-164.518 54.571 -10.904367 35.644230 -0.001053 0.000000725   306   337   385   433
-164.515 54.542 -10.910583 35.608330 -0.000334 0.000000419   337   368   385   433
-164.478 54.580 -10.870545 35.811459 -0.001209 0.000002867   306   321   433   457
-164.478 54.563 -10.873683 35.790802 -0.000759 0.000001149   321   337   433   457
-164.452 54.580 -10.849074 35.916855 -0.001572 0.000002189   306   321   457   481
-164.452 54.563 -10.852225 35.894825 -0.000662 0.000001262   321   337   457   481
-164.465 54.538 -10.867715 35.813183 0.000523 0.000000301   337   368   433   481
-164.433 54.652 -10.819788 36.093266 -0.007847 0.000024901   245   252   481   493
-164.435 54.643 -10.821266 36.086075 -0.007164 0.000020714   252   260   481   493
-164.419 54.654 -10.808963 36.146393 -0.007332 0.000010417   245   252   493   505
-164.432 54.635 -10.822719 36.079021 -0.006112 0.000011808   260   267   481   493
-164.432 54.627 -10.824176 36.071960 -0.004402 0.000003531   267   275   481   493
-164.419 54.635 -10.812061 36.130466 -0.005323 0.000012205   260   267   493   505
-164.419 54.627 -10.813580 36.122681 -0.005277 0.000005641   267   275   493   505
-164.406 54.652 -10.798235 36.199039 -0.006818 0.000005066   245   252   505   517
-164.402 54.644 -10.799695 36.191071 -0.006240 0.000021281   252   260   505   517
-164.393 54.651 -10.787591 36.251274 -0.007183 0.000006710   245   252   517   529
-164.393 54.644 -10.789094 36.242691 -0.006758 0.000009022   252   260   517   529
-164.408 54.635 -10.801223 36.182785 -0.004934 0.000046347   260   267   505   517
-164.407 54.627 -10.802746 36.174580 -0.006535 0.000010938   267   275   505   517
-164.395 54.638 -10.793028 36.222683 -0.007673 0.000118642   260   263   517   523
-164.395 54.633 -10.793664 36.219048 -0.007937 0.000054652   263   267   517   523
-164.389 54.638 -10.787426 36.249844 -0.006451 0.000058240   260   263   523   529
-164.389 54.634 -10.788234 36.245220 -0.006379 0.000043757   263   267   523   529
-164.395 54.629 -10.794469 36.214520 -0.006456 0.000067874   267   271   517   523
-164.395 54.625 -10.795238 36.210194 -0.004673 0.000132818   271   275   517   523
-164.389 54.628 -10.788918 36.241177 -0.005865 0.000038766   267   271   523   529
-164.390 54.625 -10.789769 36.236328 -0.004765 0.000033345   271   275   523   529
-164.432 54.618 -10.825694 36.063923 -0.004503 0.000004346   275   282   481   493
-164.433 54.611 -10.827236 36.050129 -0.005173 0.000008951   282   290   481   493
-164.419 54.619 -10.815123 36.114178 -0.004328 0.000006867   275   282   493   505
-164.421 54.613 -10.816617 36.100918 -0.004982 0.000039737   282   290   493   505
-164.432 54.602 -10.828954 36.033596 -0.003075 0.000014231   290   298   481   493
-164.432 54.593 -10.830635 36.017406 -0.001079 0.000008366   298   306   481   493
-164.419 54.602 -10.818212 36.085670 -0.002924 0.000007430   290   298   493   505
-164.419 54.593 -10.819852 36.069977 -0.002493 0.000012308   298   306   493   505
-164.408 54.619 -10.804298 36.165699 -0.004145 0.000024195   275   282   505   517
-164.405 54.607 -10.805888 36.152264 -0.002284 0.000071354   282   290   505   517
-164.393 54.622 -10.793541 36.216961 -0.004698 0.000025415   275   282   517   529
-164.392 54.609 -10.795091 36.203918 -0.001910 0.000031498   282   290   517   529
-164.400 54.598 -10.802975 36.155819 -0.002550 0.000003814   290   306   505   529
-164.379 54.651 -10.776727 36.304562 -0.005623 0.000005731   245   252   529   541
-164.379 54.645 -10.778256 36.295452 -0.005461 0.000007560   252   260   529   541
-164.366 54.651 -10.766108 36.356747 -0.005559 0.000006681   245   252   541   553
-164.370 54.646 -10.769984 36.336246 -0.005017 0.000011728   252   256   541   547
-164.370 54.641 -10.770713 36.331661 -0.004822 0.000051138   256   260   541   547
-164.363 54.646 -10.764419 36.363380 -0.004366 0.000026580   252   256   547   553
-164.363 54.641 -10.765285 36.358055 -0.003873 0.000027946   256   260   547   553
-164.384 54.638 -10.781967 36.276295 -0.005364 0.000068730   260   263   529   535
-164.383 54.634 -10.782649 36.272141 -0.004931 0.000041872   263   267   529   535
-164.377 54.638 -10.776798 36.301289 -0.004648 0.000057853   260   263   535   541
-164.377 54.634 -10.777557 36.296738 -0.004201 0.000024345   263   267   535   541
-164.383 54.629 -10.783532 36.267029 -0.004369 0.000065637   267   271   529   535
-164.384 54.625 -10.784373 36.262054 -0.004294 0.000084525   271   275   529   535
-164.377 54.629 -10.778480 36.291264 -0.003290 0.000037478   267   271   535   541
-164.376 54.625 -10.779167 36.286980 -0.003096 0.000084913   271   275   535   541
-164.366 54.636 -10.769038 36.338276 -0.004102 0.000024565   260   267   541   553
-164.366 54.627 -10.770564 36.328709 -0.002764 0.000008842   267   275   541   553
-164.353 54.651 -10.755272 36.409981 -0.004293 0.000006524   245   252   553   565
-164.353 54.644 -10.756874 36.399578 -0.003589 0.000011208   252   260   553   565
-164.340 54.652 -10.744542 36.462658 -0.003427 0.000006405   245   252   565   577
-164.341 54.646 -10.746028 36.452427 -0.002678 0.000022465   252   260   565   577
-164.354 54.636 -10.758416 36.389568 -0.002710 0.000024307   260   267   553   565
-164.353 54.626 -10.759963 36.379536 -0.002588 0.000010508   267   275   553   565
-164.338 54.633 -10.747591 36.441853 -0.001219 0.000030310   260   267   565   577
-164.340 54.626 -10.749125 36.431442 -0.002454 0.000009503   267   275   565   577
-164.371 54.613 -10.778334 36.286594 -0.002076 0.000002508   275   290   529   553
-164.373 54.598 -10.781555 36.259773 -0.001565 0.000004641   290   306   529   553
-164.347 54.615 -10.756910 36.388798 -0.002012 0.000001286   275   290   553   577
-164.348 54.596 -10.760083 36.363995 -0.000124 0.000003856   290   306   553   577
-164.425 54.580 -10.827619 36.022560 -0.000968 0.000001811   306   321   481   505
-164.425 54.563 -10.830815 36.000065 -0.000706 0.000000606   321   337   481   505
-164.399 54.580 -10.806205 36.127979 -0.000772 0.000003446   306   321   505   529
-164.399 54.563 -10.809346 36.105629 -0.000188 0.000001683   321   337   505   529
-164.411 54.539 -10.824828 36.021648 -0.000198 0.000000445   337   368   481   529
-164.361 54.571 -10.775614 36.275002 0.000375 0.000000412   306   337   529   577
-164.363 54.539 -10.781957 36.231071 -0.000089 0.000000441   337   368   529   577
-164.504 54.494 -10.916718 35.568462 0.001190 0.000004425   368   398   385   433
-164.512 54.470 -10.922957 35.518078 0.001790 0.000000722   398   429   385   433
-164.478 54.516 -10.883093 35.734451 0.000422 0.000002123   368   383   433   457
-164.476 54.492 -10.886135 35.711090 0.001504 0.000003769   383   398   433   457
-164.451 54.514 -10.861644 35.837742 0.000878 0.000002142   368   383   457   481
-164.452 54.494 -10.864663 35.814552 0.001351 0.000001804   383   398   457   481
-164.465 54.471 -10.880080 35.724751 0.001819 0.000000302   398   429   433   481
-164.487 54.435 -10.911008 35.543251 0.001493 0.000000367   429   491   385   481
-164.413 54.503 -10.831013 35.981827 0.000473 0.000000887   368   398   481   529
-164.427 54.479 -10.846362 35.893978 0.001400 0.000001829   398   413   481   505
-164.425 54.462 -10.849510 35.869572 0.001742 0.000001447   413   429   481   505
-164.398 54.480 -10.824897 35.998924 0.000483 0.000002343   398   413   505   529
-164.400 54.462 -10.828052 35.975143 0.000730 0.000001747   413   429   505   529
-164.365 54.501 -10.788153 36.189442 0.000312 0.000001270   368   398   529   577
-164.368 54.474 -10.794384 36.144238 -0.000028 0.000001228   398   429   529   577
-164.418 54.445 -10.825293 35.970219 0.001141 0.000001435   429   491   481   577
-164.330 54.655 -10.736093 36.504807 -0.002818 0.000030182   245   248   577   583
-164.331 54.650 -10.736863 36.499573 -0.002288 0.000045124   248   252   577   583
-164.324 54.654 -10.730874 36.530014 -0.002130 0.000017095   245   248   583   589
-164.324 54.650 -10.731513 36.525387 -0.001635 0.000014211   248   252   583   589
-164.326 54.644 -10.735433 36.503902 -0.001404 0.000017733   252   260   577   589
-164.315 54.652 -10.723066 36.566845 -0.000916 0.000018442   245   252   589   601
-164.314 54.644 -10.724624 36.556107 0.000366 0.000009500   252   260   589   601
-164.318 54.629 -10.732395 36.513542 -0.001225 0.000002134   260   275   577   601
-164.292 54.647 -10.707875 36.638474 -0.000545 0.000002492   245   260   601   625
-164.295 54.632 -10.710927 36.617249 -0.000051 0.000001905   260   275   601   625
-164.306 54.607 -10.726363 36.531631 -0.000587 0.000000621   275   306   577   625
-164.253 54.639 -10.677219 36.783291 0.000308 0.000001031   245   275   625   673
-164.256 54.606 -10.683510 36.739334 0.000016 0.000000614   275   306   625   673
-164.302 54.573 -10.714478 36.567917 0.000356 0.000000451   306   368   577   673
-164.202 54.639 -10.634342 36.990376 0.000360 0.000000729   245   275   673   721
-164.212 54.612 -10.640619 36.947102 -0.000141 0.000002706   275   306   673   721
-164.157 54.650 -10.600646 37.156227 0.001957 0.000016703   245   260   721   745
-164.173 54.634 -10.603731 37.134949 0.000491 0.000026929   260   275   721   745
-164.136 54.651 -10.578753 37.261879 0.001098 0.000006890   245   260   745   770
-164.154 54.614 -10.597315 37.156555 0.001336 0.000046883   275   306   721   770
-164.328 54.509 -10.690140 36.650612 0.001033 0.000075043   368   491   577   770
